Date,Open,High,Low,Close,Volume
09/03/2026 04:00 AM,106.35,107,105.48,106.598,46162
09/03/2026 04:05 AM,106.62,107.14,105.768,105.917,32469
09/03/2026 04:10 AM,105.91,106.53,105.887,106.14,7881
09/03/2026 04:15 AM,106.09,106.182,105.81,106.04,11778
09/03/2026 04:20 AM,106.005,106.11,105.53,105.67,4601
09/03/2026 04:25 AM,105.64,106.12,105.64,105.91,12355
09/03/2026 04:30 AM,105.86,106.01,105.517,105.62,3403
09/03/2026 04:35 AM,105.62,105.62,105.102,105.147,12656
09/03/2026 04:40 AM,105.1,105.54,105.08,105.38,46590
09/03/2026 04:45 AM,105.327,105.635,105.327,105.556,1901
09/03/2026 04:50 AM,105.6,105.83,105.2,105.75,62390
09/03/2026 04:55 AM,105.75,105.8,105.37,105.41,3049
09/03/2026 05:00 AM,105.475,105.62,105.37,105.45,4084
09/03/2026 05:05 AM,105.45,105.507,105.3,105.426,2986
09/03/2026 05:10 AM,105.36,105.42,105.12,105.41,2508
09/03/2026 05:15 AM,105.45,105.45,104.78,104.88,5342
09/03/2026 05:20 AM,104.96,105.034,104.3,104.5,21393
09/03/2026 05:25 AM,104.541,104.541,104.2,104.275,7150
09/03/2026 05:30 AM,104.275,104.544,104.1,104.33,7692
09/03/2026 05:35 AM,104.335,104.43,103.95,104.221,11667
09/03/2026 05:40 AM,104.21,104.283,104.04,104.045,3203
09/03/2026 05:45 AM,104.18,104.2,103.64,103.75,7280
09/03/2026 05:50 AM,103.75,104.034,103.72,103.73,11956
09/03/2026 05:55 AM,103.795,103.804,103.3,103.514,23528
09/03/2026 06:00 AM,103.55,103.8,103.44,103.74,15740
09/03/2026 06:05 AM,103.79,103.89,103.62,103.72,11322
09/03/2026 06:10 AM,103.72,103.72,103.04,103.26,15821
09/03/2026 06:15 AM,103.286,103.475,103.18,103.253,9566
09/03/2026 06:20 AM,103.28,103.49,103.25,103.25,4789
09/03/2026 06:25 AM,103.3,103.44,103.13,103.29,8866
09/03/2026 06:30 AM,103.36,103.55,103.18,103.26,19291
09/03/2026 06:35 AM,103.246,103.3,102.85,103.27,15829
09/03/2026 06:40 AM,103.295,103.4,103.03,103.36,29037
09/03/2026 06:45 AM,103.27,103.4,102.91,103,9602
09/03/2026 06:50 AM,102.992,103.42,102.965,103.27,12629
09/03/2026 06:55 AM,103.302,103.5,103.2,103.38,9945
09/03/2026 07:00 AM,103.5,103.7,102.91,103.59,57091
09/03/2026 07:05 AM,103.59,103.96,103.53,103.88,45412
09/03/2026 07:10 AM,103.9,103.96,103.55,103.61,40326
09/03/2026 07:15 AM,103.662,104.04,103.457,103.76,36031
09/03/2026 07:20 AM,103.718,103.86,103.5,103.86,18409
09/03/2026 07:25 AM,103.79,103.875,103.45,103.69,16880
09/03/2026 07:30 AM,103.59,103.68,102.6,103.34,66309
09/03/2026 07:35 AM,103.32,103.359,102.99,102.99,25547
09/03/2026 07:40 AM,102.98,103.1,102.66,102.869,34483
09/03/2026 07:45 AM,102.87,102.89,102.1,102.1,59366
09/03/2026 07:50 AM,102.11,102.39,102.06,102.12,61920
09/03/2026 07:55 AM,102.12,102.32,101.962,102.1,51861
09/03/2026 08:00 AM,102.08,102.64,102.07,102.48,54762
09/03/2026 08:05 AM,102.467,102.64,102.43,102.59,40030
09/03/2026 08:10 AM,102.6,102.86,102.29,102.3,30121
09/03/2026 08:15 AM,102.341,102.497,102.04,102.1,39426
09/03/2026 08:20 AM,102.12,102.66,101.88,102.54,51984
09/03/2026 08:25 AM,102.54,102.964,102.48,102.86,40224
09/03/2026 08:30 AM,102.86,104.33,102.71,103.888,111528
09/03/2026 08:35 AM,103.9,103.9,103.126,103.56,57092
09/03/2026 08:40 AM,103.6,103.766,103.376,103.554,22043
09/03/2026 08:45 AM,103.59,103.77,103.5,103.676,25367
09/03/2026 08:50 AM,103.68,104.627,103.68,104.556,117292
09/03/2026 08:55 AM,104.556,104.96,104.4,104.45,67878
09/03/2026 09:00 AM,104.41,104.52,103.5,103.7,78955
09/03/2026 09:05 AM,103.703,103.9,103.29,103.58,57979
09/03/2026 09:10 AM,103.582,104.147,103.41,104.03,57362
09/03/2026 09:15 AM,104.03,104.1,103.25,103.284,61551
09/03/2026 09:20 AM,103.28,103.56,103.054,103.44,53539
09/03/2026 09:25 AM,103.41,103.59,102.88,103,46540
09/03/2026 09:30 AM,103,103.34,99.42,100.1,1839734
09/03/2026 09:35 AM,100.06,101.29,98.62,101.25,1682729
09/03/2026 09:40 AM,101.266,102.253,100.79,101.389,1271729
09/03/2026 09:45 AM,101.33,102.37,100.95,102.2,645807
09/03/2026 09:50 AM,102.263,102.53,101.18,101.629,675968
09/03/2026 09:55 AM,101.62,101.9,100.85,101.25,480776
09/03/2026 10:00 AM,101.18,101.36,99.58,100.055,918438
09/03/2026 10:05 AM,100.055,100.38,99,99.676,884910
09/03/2026 10:10 AM,99.65,100.13,99.48,100.033,455493
09/03/2026 10:15 AM,100,101.73,99.91,101.55,754065
09/03/2026 10:20 AM,101.545,102.05,101.22,101.6,565456
09/03/2026 10:25 AM,101.55,102.03,101.266,101.544,357837
09/03/2026 10:30 AM,101.52,101.65,100.29,100.44,511004
09/03/2026 10:35 AM,100.46,101.2,100.43,101.04,276855
09/03/2026 10:40 AM,101.035,101.636,101,101.12,337728
09/03/2026 10:45 AM,101.153,101.6,101.054,101.479,204917
09/03/2026 10:50 AM,101.48,102.624,101.24,102.616,487637
09/03/2026 10:55 AM,102.61,103.9,101.49,103.9,703818
09/03/2026 11:00 AM,103.88,105.13,103.83,105.04,834292
09/03/2026 11:05 AM,105.05,105.19,103.84,103.88,580465
09/03/2026 11:10 AM,103.84,104.35,103.66,104.05,357726
09/03/2026 11:15 AM,104.051,104.649,103.96,104.363,353587
09/03/2026 11:20 AM,104.36,104.86,104.07,104.735,275228
09/03/2026 11:25 AM,104.753,106.14,104.71,106.02,572551
09/03/2026 11:30 AM,106.02,106.05,105.35,105.67,357052
09/03/2026 11:35 AM,105.64,105.93,105.184,105.48,278136
09/03/2026 11:40 AM,105.476,105.7,105.27,105.4,171219
09/03/2026 11:45 AM,105.42,105.639,104.86,105.216,242011
09/03/2026 11:50 AM,105.2,105.8,105.13,105.63,165669
09/03/2026 11:55 AM,105.636,105.86,105.23,105.58,145368
09/03/2026 12:00 PM,105.55,105.56,104.9,104.92,143820
09/03/2026 12:05 PM,104.93,105.3,104.69,105.22,205336
09/03/2026 12:10 PM,105.18,105.49,105.13,105.418,148675
09/03/2026 12:15 PM,105.395,106,105.3,105.95,150441
09/03/2026 12:20 PM,105.946,106.009,105.46,105.51,209711
09/03/2026 12:25 PM,105.504,105.925,105.48,105.56,107627
09/03/2026 12:30 PM,105.56,105.67,105.21,105.26,95533
09/03/2026 12:35 PM,105.25,106.17,105.12,106.125,189886
09/03/2026 12:40 PM,106.125,106.49,106.05,106.44,244151
09/03/2026 12:45 PM,106.47,106.49,106.08,106.21,184961
09/03/2026 12:50 PM,106.205,106.38,105.92,106.088,137208
09/03/2026 12:55 PM,106.08,106.69,106.06,106.296,241241
09/03/2026 13:00 PM,106.3,106.42,105.91,106.226,156799
09/03/2026 13:05 PM,106.22,106.255,105.505,105.61,152862
09/03/2026 13:10 PM,105.62,105.91,105.442,105.525,158786
09/03/2026 13:15 PM,105.535,106.12,105.5,105.925,121319
09/03/2026 13:20 PM,105.9,105.906,105.67,105.738,76831
09/03/2026 13:25 PM,105.745,106.2,105.705,105.992,145283
09/03/2026 13:30 PM,105.995,106.21,105.975,106.043,79410
09/03/2026 13:35 PM,106.05,106.17,105.79,105.97,98969
09/03/2026 13:40 PM,105.99,106.311,105.97,106.125,104500
09/03/2026 13:45 PM,106.11,106.31,106.02,106.245,104718
09/03/2026 13:50 PM,106.26,106.505,106.12,106.295,160555
09/03/2026 13:55 PM,106.285,106.45,106.11,106.13,114921
09/03/2026 14:00 PM,106.14,106.92,106.14,106.785,228985
09/03/2026 14:05 PM,106.8,106.83,106.56,106.725,125372
09/03/2026 14:10 PM,106.73,106.75,106.31,106.555,145562
09/03/2026 14:15 PM,106.574,106.95,106.52,106.67,156553
09/03/2026 14:20 PM,106.69,106.747,106.51,106.72,72241
09/03/2026 14:25 PM,106.715,106.844,106.58,106.685,79772
09/03/2026 14:30 PM,106.685,107.19,106.62,107.19,191424
09/03/2026 14:35 PM,107.176,107.25,106.85,107.14,212268
09/03/2026 14:40 PM,107.14,107.17,106.78,106.85,107749
09/03/2026 14:45 PM,106.854,107.43,106.852,107.42,160303
09/03/2026 14:50 PM,107.43,107.49,107.12,107.25,180937
09/03/2026 14:55 PM,107.225,107.33,107.09,107.245,133061
09/03/2026 15:00 PM,107.23,107.31,106.875,106.948,209828
09/03/2026 15:05 PM,106.968,107.08,106.45,106.594,185364
09/03/2026 15:10 PM,106.585,106.82,106.3,106.53,245502
09/03/2026 15:15 PM,106.51,106.58,106.14,106.489,184989
09/03/2026 15:20 PM,106.49,106.65,106.31,106.538,133052
09/03/2026 15:25 PM,106.538,106.67,106.47,106.555,86451
09/03/2026 15:30 PM,106.55,106.74,106.35,106.36,172485
09/03/2026 15:35 PM,106.37,106.61,106.34,106.43,119355
09/03/2026 15:40 PM,106.425,106.72,106.321,106.69,206618
09/03/2026 15:45 PM,106.69,106.74,106.43,106.54,230106
09/03/2026 15:50 PM,106.56,106.7,106.24,106.605,286072
09/03/2026 15:55 PM,106.59,106.88,106.4,106.74,769955
09/03/2026 16:00 PM,106.74,106.85,106.45,106.644,19778
09/03/2026 16:05 PM,106.71,106.78,106.633,106.73,21136
09/03/2026 16:10 PM,106.7,106.79,106.661,106.68,10598
09/03/2026 16:15 PM,106.689,106.75,106.59,106.64,13580
09/03/2026 16:20 PM,106.641,106.72,106.6,106.6,9499
09/03/2026 16:25 PM,106.6,106.77,106.58,106.77,8898
09/03/2026 16:30 PM,106.76,106.82,106.7,106.7,6163
09/03/2026 16:35 PM,106.7,106.8,106.7,106.75,4910
09/03/2026 16:40 PM,106.74,106.75,106.66,106.66,3738
09/03/2026 16:45 PM,106.65,106.68,106.58,106.66,8109
09/03/2026 16:50 PM,106.66,106.66,106.36,106.38,11997
09/03/2026 16:55 PM,106.361,106.51,106.36,106.5,21431
09/03/2026 17:00 PM,106.44,106.45,106.16,106.24,18923
09/03/2026 17:05 PM,106.21,106.4,106.16,106.322,12576
09/03/2026 17:10 PM,106.31,106.4,106.29,106.32,1561
09/03/2026 17:15 PM,106.34,106.37,106.3,106.36,3025
09/03/2026 17:20 PM,106.36,106.399,106.31,106.35,3581
09/03/2026 17:25 PM,106.349,106.39,106.3,106.37,2974
09/03/2026 17:30 PM,106.34,106.41,106.31,106.41,6042
09/03/2026 17:35 PM,106.43,106.45,106.4,106.444,2069
09/03/2026 17:40 PM,106.482,106.5,106.46,106.46,1440
09/03/2026 17:45 PM,106.44,106.69,106.42,106.62,6775
09/03/2026 17:50 PM,106.6,106.66,106.5,106.544,6903
09/03/2026 17:55 PM,106.56,106.56,106.48,106.48,8426
09/03/2026 18:00 PM,106.46,106.48,106.08,106.21,24494
09/03/2026 18:05 PM,106.212,106.46,106.09,106.09,8202
09/03/2026 18:10 PM,106.09,106.29,106.01,106.19,8450
09/03/2026 18:15 PM,106.19,106.52,106.175,106.35,11293
09/03/2026 18:20 PM,106.35,106.4,106.3,106.31,11261
09/03/2026 18:25 PM,106.34,106.38,106.27,106.33,5001
09/03/2026 18:30 PM,106.33,106.489,106.33,106.43,4469
09/03/2026 18:35 PM,106.44,106.446,106.34,106.35,3135
09/03/2026 18:40 PM,106.36,106.37,106.23,106.28,17583
09/03/2026 18:45 PM,106.29,106.37,106.26,106.3,3995
09/03/2026 18:50 PM,106.326,106.43,106.32,106.4,16478
09/03/2026 18:55 PM,106.38,106.6,106.37,106.55,22355
09/03/2026 19:00 PM,106.58,106.586,106.41,106.5,10091
09/03/2026 19:05 PM,106.549,106.55,106.4,106.42,15598
09/03/2026 19:10 PM,106.43,106.449,106.32,106.344,13771
09/03/2026 19:15 PM,106.32,106.36,106.3,106.32,10948
09/03/2026 19:20 PM,106.36,106.38,106.31,106.35,10634
09/03/2026 19:25 PM,106.37,106.46,106.3,106.41,10047
09/03/2026 19:30 PM,106.42,106.5,106.35,106.47,5835
09/03/2026 19:35 PM,106.478,106.478,106.37,106.418,5199
09/03/2026 19:40 PM,106.41,106.46,106.4,106.438,13917
09/03/2026 19:45 PM,106.4,106.5,106.4,106.493,8623
09/03/2026 19:50 PM,106.492,106.54,106.46,106.496,4677
09/03/2026 19:55 PM,106.496,106.52,106.4,106.43,10612
09/04/2026 04:00 AM,111.45,111.93,109.95,111.64,113656
09/04/2026 04:05 AM,111.64,112.34,111.473,112.066,74663
09/04/2026 04:10 AM,112.021,112.25,111.783,111.82,26980
09/04/2026 04:15 AM,111.86,112.02,111.78,111.93,19097
09/04/2026 04:20 AM,111.94,112.33,111.65,111.67,31550
09/04/2026 04:25 AM,111.67,112.35,111.64,112.23,21014
09/04/2026 04:30 AM,112.219,112.25,111.81,111.886,15876
09/04/2026 04:35 AM,111.896,112,111.694,111.807,12850
09/04/2026 04:40 AM,111.75,112.05,111.67,112.02,7016
09/04/2026 04:45 AM,112.05,112.11,111.71,111.74,13667
09/04/2026 04:50 AM,111.746,112.1,111.72,112.09,13839
09/04/2026 04:55 AM,112.094,112.12,111.92,111.96,9921
09/04/2026 05:00 AM,111.96,111.976,111.68,111.68,15739
09/04/2026 05:05 AM,111.68,111.901,111.62,111.72,15163
09/04/2026 05:10 AM,111.719,111.724,111.32,111.33,18186
09/04/2026 05:15 AM,111.346,111.86,111.32,111.845,10402
09/04/2026 05:20 AM,111.845,111.85,111.461,111.52,7592
09/04/2026 05:25 AM,111.516,111.58,111.25,111.29,44524
09/04/2026 05:30 AM,111.29,111.62,111.18,111.546,22607
09/04/2026 05:35 AM,111.55,111.85,111.55,111.82,8639
09/04/2026 05:40 AM,111.84,111.96,111.73,111.9,6268
09/04/2026 05:45 AM,111.9,112.1,111.85,112.098,16080
09/04/2026 05:50 AM,112.12,112.3,111.9,112.25,11336
09/04/2026 05:55 AM,112.21,112.37,112.1,112.3,13756
09/04/2026 06:00 AM,112.32,112.85,112.265,112.755,23962
09/04/2026 06:05 AM,112.71,112.71,112.35,112.45,13794
09/04/2026 06:10 AM,112.442,112.577,112.351,112.494,8850
09/04/2026 06:15 AM,112.48,112.58,112.33,112.58,9503
09/04/2026 06:20 AM,112.56,112.58,112.36,112.51,11670
09/04/2026 06:25 AM,112.52,113.13,112.466,113.005,19077
09/04/2026 06:30 AM,113.01,113.18,112.73,112.78,16675
09/04/2026 06:35 AM,112.789,112.99,112.73,112.9,19092
09/04/2026 06:40 AM,112.9,112.9,112.632,112.787,18600
09/04/2026 06:45 AM,112.741,113.16,112.71,112.8,19592
09/04/2026 06:50 AM,112.784,113,112.652,112.72,20587
09/04/2026 06:55 AM,112.72,112.79,112.631,112.696,13181
09/04/2026 07:00 AM,112.72,112.84,111.91,112.07,115493
09/04/2026 07:05 AM,112.043,112.3,112.043,112.1,60044
09/04/2026 07:10 AM,112.13,112.317,112.08,112.24,31826
09/04/2026 07:15 AM,112.23,112.422,112.165,112.2,34061
09/04/2026 07:20 AM,112.2,112.338,112.08,112.28,24707
09/04/2026 07:25 AM,112.28,112.638,112.12,112.16,25631
09/04/2026 07:30 AM,112.2,112.557,112.14,112.48,26022
09/04/2026 07:35 AM,112.55,112.72,112.52,112.587,22163
09/04/2026 07:40 AM,112.53,112.65,112.31,112.5,25834
09/04/2026 07:45 AM,112.545,112.58,112.383,112.532,36085
09/04/2026 07:50 AM,112.538,112.72,112.51,112.61,21504
09/04/2026 07:55 AM,112.614,112.74,112.55,112.66,21752
09/04/2026 08:00 AM,112.66,112.718,112.272,112.45,26099
09/04/2026 08:05 AM,112.51,112.8,112.09,112.78,43064
09/04/2026 08:10 AM,112.77,112.79,112.361,112.6,27743
09/04/2026 08:15 AM,112.61,112.88,112.42,112.855,28587
09/04/2026 08:20 AM,112.877,113.15,112.785,113.12,69962
09/04/2026 08:25 AM,113.11,113.6,113.05,113.305,84192
09/04/2026 08:30 AM,113.25,113.25,109.14,110.36,447942
09/04/2026 08:35 AM,110.301,110.98,109.62,110.17,190764
09/04/2026 08:40 AM,110.13,111,110.067,110.17,134497
09/04/2026 08:45 AM,110.155,110.17,108.94,109.64,205067
09/04/2026 08:50 AM,109.65,110.25,109.554,109.67,83202
09/04/2026 08:55 AM,109.63,110.29,109.41,110.1,65543
09/04/2026 09:00 AM,110.07,110.12,109.5,109.84,93004
09/04/2026 09:05 AM,109.86,110.163,109.72,109.72,37015
09/04/2026 09:10 AM,109.77,110.1,109.68,110.092,40005
09/04/2026 09:15 AM,110.091,110.69,110.002,110.69,61104
09/04/2026 09:20 AM,110.66,111.3,110.6,111.08,81383
09/04/2026 09:25 AM,111.07,111.45,110.8,110.93,58334
09/04/2026 09:30 AM,111.22,114.3,109.73,114.274,1073098
09/04/2026 09:35 AM,114.26,114.451,112.84,113.543,1108985
09/04/2026 09:40 AM,113.495,115.44,113.47,114.74,1151479
09/04/2026 09:45 AM,114.74,116.48,114.28,116.08,1055067
09/04/2026 09:50 AM,116.05,117.09,115.724,116.792,972071
09/04/2026 09:55 AM,116.77,117.86,116.66,117.67,976839
09/04/2026 10:00 AM,117.665,117.79,116.83,117.105,896524
09/04/2026 10:05 AM,117.07,117.35,116.44,116.927,639991
09/04/2026 10:10 AM,116.92,117.4,115.76,117.33,685933
09/04/2026 10:15 AM,117.325,117.35,116.3,116.3,550392
09/04/2026 10:20 AM,116.3,116.69,115.86,116.477,427960
09/04/2026 10:25 AM,116.5,116.96,115.36,116.938,467625
09/04/2026 10:30 AM,116.944,117,115.874,115.9,349754
09/04/2026 10:35 AM,115.91,116.69,115.893,116.563,289913
09/04/2026 10:40 AM,116.56,116.71,115.68,115.715,531828
09/04/2026 10:45 AM,115.73,115.88,114.88,114.9,580375
09/04/2026 10:50 AM,114.88,115.87,114.86,115.666,341211
09/04/2026 10:55 AM,115.71,116.3,115.635,116.09,320713
09/04/2026 11:00 AM,116.11,116.46,115.91,116.295,298934
09/04/2026 11:05 AM,116.295,116.543,115.99,116.53,245103
09/04/2026 11:10 AM,116.54,117.56,116.42,117.485,390038
09/04/2026 11:15 AM,117.485,117.5,116.64,116.754,337682
09/04/2026 11:20 AM,116.72,116.86,115.96,116.04,211620
09/04/2026 11:25 AM,116.035,116.27,115.84,116.04,171542
09/04/2026 11:30 AM,116.04,116.11,115.41,115.57,257831
09/04/2026 11:35 AM,115.591,116.17,115.52,116.17,267742
09/04/2026 11:40 AM,116.155,116.39,115.96,116.31,187829
09/04/2026 11:45 AM,116.3,116.38,115.84,115.945,153729
09/04/2026 11:50 AM,115.945,116.14,115.61,115.84,114856
09/04/2026 11:55 AM,115.86,116.1,115.75,116.02,131821
09/04/2026 12:00 PM,116.02,116.46,115.98,116.38,168176
09/04/2026 12:05 PM,116.39,116.73,116.34,116.61,168091
09/04/2026 12:10 PM,116.64,116.9,116.534,116.72,218445
09/04/2026 12:15 PM,116.74,117.05,116.62,116.73,168800
09/04/2026 12:20 PM,116.73,117.2,116.544,116.76,181917
09/04/2026 12:25 PM,116.75,116.98,116.61,116.9,108052
09/04/2026 12:30 PM,116.91,117.12,116.84,117.06,130173
09/04/2026 12:35 PM,117.07,117.12,116.92,116.994,102109
09/04/2026 12:40 PM,116.98,117.18,116.95,117.09,115301
09/04/2026 12:45 PM,117.1,117.56,116.91,117.55,218083
09/04/2026 12:50 PM,117.56,117.68,117.34,117.455,154563
09/04/2026 12:55 PM,117.44,117.62,117.32,117.505,138516
09/04/2026 13:00 PM,117.511,117.548,116.83,116.96,124700
09/04/2026 13:05 PM,116.96,117.15,116.56,116.566,165309
09/04/2026 13:10 PM,116.58,116.78,116.48,116.495,113730
09/04/2026 13:15 PM,116.495,116.734,116.36,116.435,114880
09/04/2026 13:20 PM,116.435,116.48,116.05,116.073,163954
09/04/2026 13:25 PM,116.088,116.22,115.668,115.76,168658
09/04/2026 13:30 PM,115.755,115.82,115.54,115.622,163125
09/04/2026 13:35 PM,115.601,116.01,115.575,115.925,180035
09/04/2026 13:40 PM,115.948,115.948,115.4,115.53,143209
09/04/2026 13:45 PM,115.535,115.73,115.18,115.535,207604
09/04/2026 13:50 PM,115.55,115.78,115.52,115.625,100796
09/04/2026 13:55 PM,115.622,116.07,115.58,115.93,132868
09/04/2026 14:00 PM,115.93,115.97,115.38,115.43,120192
09/04/2026 14:05 PM,115.41,115.803,115.388,115.79,84923
09/04/2026 14:10 PM,115.805,115.957,115.636,115.67,96327
09/04/2026 14:15 PM,115.68,116.22,115.63,116.18,127378
09/04/2026 14:20 PM,116.166,116.35,116.06,116.165,139656
09/04/2026 14:25 PM,116.17,116.5,116.12,116.48,93444
09/04/2026 14:30 PM,116.47,116.59,116.39,116.51,122619
09/04/2026 14:35 PM,116.5,116.619,116.113,116.26,132304
09/04/2026 14:40 PM,116.26,116.388,116.09,116.33,83314
09/04/2026 14:45 PM,116.34,116.41,116.22,116.328,80911
09/04/2026 14:50 PM,116.325,116.35,116.03,116.11,125360
09/04/2026 14:55 PM,116.13,116.23,115.94,115.963,159463
09/04/2026 15:00 PM,115.98,116.13,115.43,115.53,284255
09/04/2026 15:05 PM,115.502,115.674,115.215,115.22,215317
09/04/2026 15:10 PM,115.22,115.38,114.97,114.994,230040
09/04/2026 15:15 PM,115.014,115.4,115,115.394,196989
09/04/2026 15:20 PM,115.385,115.56,115.315,115.535,234112
09/04/2026 15:25 PM,115.535,115.6,115.27,115.39,243605
09/04/2026 15:30 PM,115.385,116.184,115.1,116.11,575204
09/04/2026 15:35 PM,116.1,116.698,116.051,116.575,350059
09/04/2026 15:40 PM,116.59,116.76,116.44,116.7,240123
09/04/2026 15:45 PM,116.7,117.16,116.68,116.975,335685
09/04/2026 15:50 PM,116.96,117.622,116.95,117.332,600424
09/04/2026 15:55 PM,117.37,118.18,117.28,117.28,2113880
09/04/2026 16:00 PM,117.3,117.43,116.88,116.98,78214
09/04/2026 16:05 PM,117,117.15,116.93,117.1,42710
09/04/2026 16:10 PM,117.149,117.24,117.09,117.12,22221
09/04/2026 16:15 PM,117.19,117.2,116.88,116.9,19846
09/04/2026 16:20 PM,116.91,116.97,116.7,116.795,10503
09/04/2026 16:25 PM,116.75,116.85,116.71,116.73,13789
09/04/2026 16:30 PM,116.8,116.9,116.73,116.88,9579
09/04/2026 16:35 PM,116.87,116.95,116.78,116.88,11058
09/04/2026 16:40 PM,116.87,117.1,116.84,117.1,7258
09/04/2026 16:45 PM,117.1,117.1,116.92,116.97,8613
09/04/2026 16:50 PM,116.98,117,116.88,116.91,7479
09/04/2026 16:55 PM,116.9,116.91,116.75,116.86,7782
09/04/2026 17:00 PM,116.88,117.2,116.86,116.96,20414
09/04/2026 17:05 PM,117,117.02,116.9,116.928,3399
09/04/2026 17:10 PM,116.9,117.06,116.9,117.06,5152
09/04/2026 17:15 PM,117.06,117.089,116.77,116.86,11239
09/04/2026 17:20 PM,116.86,117.05,116.85,116.98,5717
09/04/2026 17:25 PM,116.9,117,116.9,116.97,7306
09/04/2026 17:30 PM,116.97,116.97,116.88,116.88,3571
09/04/2026 17:35 PM,116.88,116.9,116.8,116.83,3141
09/04/2026 17:40 PM,116.83,116.83,116.73,116.8,4384
09/04/2026 17:45 PM,116.81,116.83,116.75,116.77,4450
09/04/2026 17:50 PM,116.77,116.79,116.66,116.66,11261
09/04/2026 17:55 PM,116.69,116.82,116.66,116.8,6168
09/04/2026 18:00 PM,116.81,116.87,116.75,116.84,3658
09/04/2026 18:05 PM,116.82,116.85,116.78,116.799,7888
09/04/2026 18:10 PM,116.79,116.79,116.71,116.73,2815
09/04/2026 18:15 PM,116.72,116.75,116.69,116.74,1966
09/04/2026 18:20 PM,116.7,116.78,116.7,116.77,7188
09/04/2026 18:25 PM,116.77,116.8,116.73,116.79,7316
09/04/2026 18:30 PM,116.79,116.8,116.75,116.78,9727
09/04/2026 18:35 PM,116.76,116.8,116.75,116.76,2157
09/04/2026 18:40 PM,116.76,116.83,116.72,116.8,5508
09/04/2026 18:45 PM,116.8,116.82,116.78,116.81,4885
09/04/2026 18:50 PM,116.81,116.83,116.78,116.8,5530
09/04/2026 18:55 PM,116.77,116.83,116.76,116.83,1417
09/04/2026 19:00 PM,116.83,116.9,116.82,116.86,3086
09/04/2026 19:05 PM,116.87,116.89,116.8,116.817,1909
09/04/2026 19:10 PM,116.844,116.89,116.82,116.84,5633
09/04/2026 19:15 PM,116.84,116.847,116.77,116.8,3696
09/04/2026 19:20 PM,116.824,116.824,116.59,116.62,9330
09/04/2026 19:25 PM,116.639,116.7,116.6,116.655,18058
09/04/2026 19:30 PM,116.655,116.66,116.5,116.5,6746
09/04/2026 19:35 PM,116.5,116.5,116.39,116.46,3924
09/04/2026 19:40 PM,116.43,116.56,116.39,116.508,10163
09/04/2026 19:45 PM,116.516,116.561,116.48,116.51,6480
09/04/2026 19:50 PM,116.51,116.6,116.51,116.58,8871
09/04/2026 19:55 PM,116.59,116.7,116.55,116.7,9221
09/08/2026 04:00 AM,121.815,121.95,119.02,119.34,82238
09/08/2026 04:05 AM,119.32,120.58,118.9,119.21,40157
09/08/2026 04:10 AM,119.3,120.2,118.477,120.07,36681
09/08/2026 04:15 AM,120.2,120.438,119.725,120.12,36075
09/08/2026 04:20 AM,120.06,120.47,119.93,120.462,17560
09/08/2026 04:25 AM,120.34,120.734,120.14,120.2,23216
09/08/2026 04:30 AM,120.11,120.59,119.8,120.49,12376
09/08/2026 04:35 AM,120.48,120.495,119.76,120.13,9586
09/08/2026 04:40 AM,120.09,120.18,119.91,120.07,8663
09/08/2026 04:45 AM,120.1,120.83,119.81,120.4,14079
09/08/2026 04:50 AM,120.35,120.434,119.94,120.24,11193
09/08/2026 04:55 AM,120.29,120.34,120,120.088,5728
09/08/2026 05:00 AM,120.108,120.365,119.65,120.22,10574
09/08/2026 05:05 AM,120.21,120.816,120.197,120.78,9752
09/08/2026 05:10 AM,120.75,121.41,120.75,121.395,21913
09/08/2026 05:15 AM,121.37,121.5,120.79,120.87,16903
09/08/2026 05:20 AM,120.836,121.1,120.8,121.094,7276
09/08/2026 05:25 AM,121.099,121.419,120.93,121.419,7945
09/08/2026 05:30 AM,121.42,121.877,121.23,121.81,13870
09/08/2026 05:35 AM,121.85,122.396,121.725,122.396,17904
09/08/2026 05:40 AM,122.33,122.58,121.833,122.07,20027
09/08/2026 05:45 AM,122.054,122.34,122.01,122.3,7441
09/08/2026 05:50 AM,122.355,122.5,122.218,122.328,10990
09/08/2026 05:55 AM,122.386,122.57,122.3,122.56,11059
09/08/2026 06:00 AM,122.56,122.576,122.14,122.227,14694
09/08/2026 06:05 AM,122.2,122.26,122.03,122.04,15244
09/08/2026 06:10 AM,122.07,122.17,121.83,122.105,12815
09/08/2026 06:15 AM,122.18,122.52,122.1,122.52,9985
09/08/2026 06:20 AM,122.5,123.34,122.49,122.88,23189
09/08/2026 06:25 AM,122.88,123,122.64,122.957,11119
09/08/2026 06:30 AM,122.9,123,122.345,122.52,11795
09/08/2026 06:35 AM,122.5,122.973,122.406,122.874,10583
09/08/2026 06:40 AM,122.89,123,122.705,122.9,8247
09/08/2026 06:45 AM,122.926,122.96,122.335,122.344,7179
09/08/2026 06:50 AM,122.348,122.58,122.03,122.31,10318
09/08/2026 06:55 AM,122.35,122.7,122.315,122.45,7523
09/08/2026 07:00 AM,122.45,122.7,121.86,122.3,72671
09/08/2026 07:05 AM,122.27,122.316,121.26,121.837,27518
09/08/2026 07:10 AM,121.75,121.8,121.12,121.41,39677
09/08/2026 07:15 AM,121.38,122.134,121.35,122.09,32437
09/08/2026 07:20 AM,122.14,122.14,121.546,121.87,20891
09/08/2026 07:25 AM,121.87,122.1,121.66,121.733,22001
09/08/2026 07:30 AM,121.8,122.05,121.67,122,25574
09/08/2026 07:35 AM,121.98,122.076,121.55,121.654,16504
09/08/2026 07:40 AM,121.67,121.695,121.33,121.39,21174
09/08/2026 07:45 AM,121.392,121.623,121.25,121.5,18781
09/08/2026 07:50 AM,121.5,122.044,121.5,122,22169
09/08/2026 07:55 AM,121.99,123.2,121.972,123.17,222523
09/08/2026 08:00 AM,123.15,123.17,122.33,122.71,25156
09/08/2026 08:05 AM,122.6,123.1,122.34,123.03,40400
09/08/2026 08:10 AM,123.063,123.07,122.09,122.2,20006
09/08/2026 08:15 AM,122.36,122.876,122.15,122.72,14198
09/08/2026 08:20 AM,122.717,123.078,122.56,122.903,27345
09/08/2026 08:25 AM,122.93,123.49,122.922,123.232,32572
09/08/2026 08:30 AM,123.22,123.97,123.128,123.91,51781
09/08/2026 08:35 AM,123.88,124,123.57,123.965,52081
09/08/2026 08:40 AM,123.95,123.98,123.51,123.788,24592
09/08/2026 08:45 AM,123.87,124.33,123.61,124.25,36255
09/08/2026 08:50 AM,124.23,124.54,124.201,124.51,40964
09/08/2026 08:55 AM,124.527,125.48,124.43,125.33,107009
09/08/2026 09:00 AM,125.28,125.5,124.87,125.15,81620
09/08/2026 09:05 AM,125.11,125.395,124.73,124.8,66898
09/08/2026 09:10 AM,124.818,125.277,124.743,125,52141
09/08/2026 09:15 AM,125,125.38,124.96,125.35,39658
09/08/2026 09:20 AM,125.348,125.526,125.24,125.3,66515
09/08/2026 09:25 AM,125.33,125.5,124.77,125.19,72292
09/08/2026 09:30 AM,125.12,126.7,124.18,125.25,1243914
09/08/2026 09:35 AM,125.27,125.682,123.64,124.93,1052258
09/08/2026 09:40 AM,124.95,125.12,121.581,121.79,1021685
09/08/2026 09:45 AM,121.76,124.34,121.76,124.148,958832
09/08/2026 09:50 AM,124.186,124.22,122.02,122.84,887486
09/08/2026 09:55 AM,122.86,123.64,122.32,122.97,587269
09/08/2026 10:00 AM,123.02,123.2,122.02,122.83,569907
09/08/2026 10:05 AM,122.88,122.9,121.9,122.24,452539
09/08/2026 10:10 AM,122.24,123.11,121.85,122.95,541862
09/08/2026 10:15 AM,122.96,123.75,122.91,123.07,563060
09/08/2026 10:20 AM,123.09,124.77,123.042,124.71,901778
09/08/2026 10:25 AM,124.7,125.11,123.83,125.08,500428
09/08/2026 10:30 AM,125.038,125.1,124.2,124.665,369035
09/08/2026 10:35 AM,124.6,124.63,123.75,124.139,237424
09/08/2026 10:40 AM,124.081,124.62,124.001,124.41,162479
09/08/2026 10:45 AM,124.46,124.581,124,124.44,202565
09/08/2026 10:50 AM,124.47,125.2,124.318,125.19,340341
09/08/2026 10:55 AM,125.199,126.19,125.18,126.17,472056
09/08/2026 11:00 AM,126.17,126.215,125.02,125.17,370097
09/08/2026 11:05 AM,125.19,125.56,125.07,125.44,196612
09/08/2026 11:10 AM,125.45,126.6,125.375,126.46,391274
09/08/2026 11:15 AM,126.46,127.32,126.15,127.2,662607
09/08/2026 11:20 AM,127.2,127.23,126.49,127.13,293240
09/08/2026 11:25 AM,127.13,127.34,126.7,126.87,292588
09/08/2026 11:30 AM,126.825,127.05,126.32,126.565,214185
09/08/2026 11:35 AM,126.54,126.75,126.21,126.71,192887
09/08/2026 11:40 AM,126.7,127.52,126.6,127.48,325427
09/08/2026 11:45 AM,127.483,127.54,126.57,126.776,228194
09/08/2026 11:50 AM,126.77,126.91,126.448,126.704,175973
09/08/2026 11:55 AM,126.715,127.03,126.37,126.822,267722
09/08/2026 12:00 PM,126.86,127.11,126.72,127.09,160893
09/08/2026 12:05 PM,127.1,127.1,126.25,126.27,124974
09/08/2026 12:10 PM,126.29,126.42,125.82,126.02,277106
09/08/2026 12:15 PM,126.005,126.02,125.495,125.66,248178
09/08/2026 12:20 PM,125.63,126.08,125.5,126.075,148169
09/08/2026 12:25 PM,126.1,126.197,124.94,124.97,189846
09/08/2026 12:30 PM,124.99,125.08,124.76,124.93,167296
09/08/2026 12:35 PM,124.93,125.09,124.568,124.655,102686
09/08/2026 12:40 PM,124.664,124.8,124.35,124.41,220753
09/08/2026 12:45 PM,124.43,125.004,124.28,124.905,290803
09/08/2026 12:50 PM,124.887,125.22,124.7,125.03,235762
09/08/2026 12:55 PM,125.01,125.04,124.05,124.481,184464
09/08/2026 13:00 PM,124.42,125.78,124.42,125.76,250019
09/08/2026 13:05 PM,125.765,125.88,125.4,125.624,234518
09/08/2026 13:10 PM,125.615,125.97,125.54,125.855,139801
09/08/2026 13:15 PM,125.87,126.27,125.79,126.11,148333
09/08/2026 13:20 PM,126.125,126.209,125.72,125.855,113753
09/08/2026 13:25 PM,125.89,125.93,125.53,125.64,106433
09/08/2026 13:30 PM,125.71,125.867,125.46,125.867,62765
09/08/2026 13:35 PM,125.874,125.88,125.52,125.52,44496
09/08/2026 13:40 PM,125.525,125.525,125.05,125.18,100362
09/08/2026 13:45 PM,125.22,125.36,125.06,125.12,97692
09/08/2026 13:50 PM,125.11,125.127,124.76,125.018,119838
09/08/2026 13:55 PM,125.02,125.13,124.8,124.865,67741
09/08/2026 14:00 PM,124.89,125.05,124.73,124.99,83705
09/08/2026 14:05 PM,124.984,125.45,124.95,125.34,139365
09/08/2026 14:10 PM,125.31,125.5,125.201,125.275,77355
09/08/2026 14:15 PM,125.31,125.66,125.262,125.63,101709
09/08/2026 14:20 PM,125.61,125.75,125.245,125.28,92949
09/08/2026 14:25 PM,125.29,125.43,125.2,125.3,73147
09/08/2026 14:30 PM,125.3,125.48,125.2,125.21,72690
09/08/2026 14:35 PM,125.2,125.42,124.85,125.255,108317
09/08/2026 14:40 PM,125.27,125.4,125.02,125.239,61522
09/08/2026 14:45 PM,125.245,125.68,124.187,124.52,202165
09/08/2026 14:50 PM,124.63,124.975,123.818,124.583,211415
09/08/2026 14:55 PM,124.575,124.71,124.411,124.61,97223
09/08/2026 15:00 PM,124.58,124.66,123.948,124.19,165861
09/08/2026 15:05 PM,124.17,124.475,123.87,123.902,134346
09/08/2026 15:10 PM,123.89,124.48,123.882,124.42,141149
09/08/2026 15:15 PM,124.407,124.6,124.23,124.23,125865
09/08/2026 15:20 PM,124.245,124.42,123.81,123.938,145132
09/08/2026 15:25 PM,123.947,124.08,123.58,123.86,230711
09/08/2026 15:30 PM,123.87,124,123.33,123.73,439430
09/08/2026 15:35 PM,123.77,123.78,123.41,123.51,188407
09/08/2026 15:40 PM,123.515,123.611,123.07,123.25,187002
09/08/2026 15:45 PM,123.27,123.44,122.78,123.26,284293
09/08/2026 15:50 PM,123.29,123.83,122.26,122.61,512372
09/08/2026 15:55 PM,122.62,123.435,122.39,123.27,565635
09/08/2026 16:00 PM,123.38,123.59,123.12,123.41,43532
09/08/2026 16:05 PM,123.41,123.89,123.28,123.77,29209
09/08/2026 16:10 PM,123.69,123.94,123.67,123.85,19194
09/08/2026 16:15 PM,123.76,123.92,123.49,123.55,10397
09/08/2026 16:20 PM,123.57,123.75,123.45,123.67,8645
09/08/2026 16:25 PM,123.72,123.8,123.37,123.37,10987
09/08/2026 16:30 PM,123.41,123.5,123.3,123.45,5799
09/08/2026 16:35 PM,123.41,123.5,123.34,123.355,4516
09/08/2026 16:40 PM,123.4,123.53,123.35,123.5,7057
09/08/2026 16:45 PM,123.492,123.63,123.46,123.63,5916
09/08/2026 16:50 PM,123.6,123.615,123.478,123.59,6644
09/08/2026 16:55 PM,123.565,123.59,123.5,123.58,11943
09/08/2026 17:00 PM,123.59,123.64,123.55,123.572,4393
09/08/2026 17:05 PM,123.572,123.579,123.51,123.57,6805
09/08/2026 17:10 PM,123.58,123.61,123.5,123.52,6568
09/08/2026 17:15 PM,123.527,123.53,123.48,123.51,25779
09/08/2026 17:20 PM,123.51,123.54,123.45,123.47,10267
09/08/2026 17:25 PM,123.47,123.5,123.44,123.45,5918
09/08/2026 17:30 PM,123.44,123.51,123.43,123.48,4185
09/08/2026 17:35 PM,123.48,123.64,123.48,123.62,13043
09/08/2026 17:40 PM,123.624,123.84,123.6,123.75,11855
09/08/2026 17:45 PM,123.733,123.746,123.61,123.641,2517
09/08/2026 17:50 PM,123.64,123.66,123.5,123.51,8828
09/08/2026 17:55 PM,123.5,123.554,123.42,123.46,6201
09/08/2026 18:00 PM,123.471,123.6,123.22,123.54,17410
09/08/2026 18:05 PM,123.56,123.6,123.391,123.4,2898
09/08/2026 18:10 PM,123.427,123.45,123.32,123.418,8560
09/08/2026 18:15 PM,123.41,123.6,123.41,123.54,11768
09/08/2026 18:20 PM,123.555,123.65,123.42,123.44,7415
09/08/2026 18:25 PM,123.48,123.65,123.45,123.56,5166
09/08/2026 18:30 PM,123.54,123.6,123.421,123.45,3982
09/08/2026 18:35 PM,123.48,123.51,123.42,123.484,3913
09/08/2026 18:40 PM,123.5,123.75,123.47,123.6,13262
09/08/2026 18:45 PM,123.6,123.7,123.52,123.6,4578
09/08/2026 18:50 PM,123.6,123.66,123.57,123.57,7887
09/08/2026 18:55 PM,123.56,123.8,123.56,123.8,6818
09/08/2026 19:00 PM,123.76,123.95,123.75,123.82,13685
09/08/2026 19:05 PM,123.884,123.9,123.8,123.85,9704
09/08/2026 19:10 PM,123.87,123.87,123.72,123.768,3573
09/08/2026 19:15 PM,123.73,123.75,123.6,123.7,7559
09/08/2026 19:20 PM,123.69,123.72,123.62,123.67,4149
09/08/2026 19:25 PM,123.67,123.72,123.55,123.57,4521
09/08/2026 19:30 PM,123.57,123.57,123.44,123.46,7852
09/08/2026 19:35 PM,123.47,123.47,123.12,123.196,13637
09/08/2026 19:40 PM,123.16,123.2,123.1,123.1,10187
09/08/2026 19:45 PM,123.1,123.12,123,123.002,15874
09/08/2026 19:50 PM,123.03,123.097,122.9,122.99,15035
09/08/2026 19:55 PM,122.98,123.1,122.96,122.99,11248
09/09/2026 04:00 AM,124.8,125.536,124.514,125.41,47312
09/09/2026 04:05 AM,125.41,125.735,125.05,125.29,12605
09/09/2026 04:10 AM,125.29,125.695,125.129,125.23,16942
09/09/2026 04:15 AM,125.27,125.538,125.27,125.51,9239
09/09/2026 04:20 AM,125.49,125.64,125,125.02,9050
09/09/2026 04:25 AM,125.062,125.523,125,125.4,5179
09/09/2026 04:30 AM,125.4,125.56,125.211,125.211,3528
09/09/2026 04:35 AM,125.304,125.304,124.7,124.74,14720
09/09/2026 04:40 AM,124.75,125.1,124.53,124.53,5452
09/09/2026 04:45 AM,124.57,124.71,124.46,124.622,10196
09/09/2026 04:50 AM,124.53,124.94,124.507,124.89,6333
09/09/2026 04:55 AM,124.82,124.9,124.69,124.754,5654
09/09/2026 05:00 AM,124.77,124.93,124.45,124.6,4916
09/09/2026 05:05 AM,124.56,124.604,123.954,123.97,10079
09/09/2026 05:10 AM,123.971,124.26,123.734,124.176,11325
09/09/2026 05:15 AM,124.26,124.32,123.86,123.9,5827
09/09/2026 05:20 AM,123.905,123.99,123.27,123.31,11276
09/09/2026 05:25 AM,123.28,123.6,123.27,123.54,10215
09/09/2026 05:30 AM,123.503,123.688,122.56,122.56,22790
09/09/2026 05:35 AM,122.62,122.62,121.8,122.01,27908
09/09/2026 05:40 AM,122,122.115,121.41,121.64,17735
09/09/2026 05:45 AM,121.603,121.81,121.05,121.19,20599
09/09/2026 05:50 AM,121.17,121.35,120,120,35838
09/09/2026 05:55 AM,120.002,120.15,119.25,119.587,69528
09/09/2026 06:00 AM,119.5,119.97,118.69,119.67,66056
09/09/2026 06:05 AM,119.69,119.94,118.68,118.769,56753
09/09/2026 06:10 AM,118.7,119.633,118.65,119.271,69353
09/09/2026 06:15 AM,119.202,119.696,118.54,119.61,18178
09/09/2026 06:20 AM,119.648,119.94,119.39,119.624,21260
09/09/2026 06:25 AM,119.55,119.75,119.36,119.704,13347
09/09/2026 06:30 AM,119.66,120.22,119.574,120.05,26002
09/09/2026 06:35 AM,120.086,120.347,119.91,119.95,18211
09/09/2026 06:40 AM,119.95,120.03,119.207,119.59,21233
09/09/2026 06:45 AM,119.48,119.64,119.15,119.24,10984
09/09/2026 06:50 AM,119.315,119.435,118.82,119.372,14067
09/09/2026 06:55 AM,119.25,119.729,119.22,119.53,20986
09/09/2026 07:00 AM,119.59,119.8,119.227,119.6,36360
09/09/2026 07:05 AM,119.66,119.99,119.38,119.91,90903
09/09/2026 07:10 AM,119.916,120.25,119.508,119.54,34518
09/09/2026 07:15 AM,119.56,119.67,119.09,119.414,42370
09/09/2026 07:20 AM,119.42,120.126,119.23,120.1,17410
09/09/2026 07:25 AM,120.1,120.148,119.7,119.9,17531
09/09/2026 07:30 AM,119.84,119.85,119.29,119.44,12338
09/09/2026 07:35 AM,119.445,119.7,119.29,119.66,14143
09/09/2026 07:40 AM,119.698,119.74,119.35,119.407,13412
09/09/2026 07:45 AM,119.4,120.63,119.38,120.5,37209
09/09/2026 07:50 AM,120.54,120.78,119.98,120,50548
09/09/2026 07:55 AM,120.05,120.16,119.626,119.95,13640
09/09/2026 08:00 AM,119.9,119.96,118.9,119,59165
09/09/2026 08:05 AM,118.99,119.227,118.65,118.9,78245
09/09/2026 08:10 AM,118.85,118.96,118.22,118.303,61529
09/09/2026 08:15 AM,118.326,118.88,118.22,118.57,30896
09/09/2026 08:20 AM,118.59,119.19,118.56,119.059,42546
09/09/2026 08:25 AM,118.994,119.16,118.74,118.8,18131
09/09/2026 08:30 AM,118.75,119.35,118.533,119.31,29172
09/09/2026 08:35 AM,119.31,119.43,118.97,119.225,21307
09/09/2026 08:40 AM,119.194,119.3,118.94,119.27,28034
09/09/2026 08:45 AM,119.3,119.75,119.274,119.68,21068
09/09/2026 08:50 AM,119.75,119.75,119.15,119.2,17591
09/09/2026 08:55 AM,119.15,119.4,119.1,119.21,17070
09/09/2026 09:00 AM,119.19,119.69,119.06,119.558,20663
09/09/2026 09:05 AM,119.5,119.6,119.37,119.4,11762
09/09/2026 09:10 AM,119.42,119.668,119.237,119.65,15314
09/09/2026 09:15 AM,119.65,120.1,119.51,120.1,35046
09/09/2026 09:20 AM,120.1,120.25,119.84,120.05,49145
09/09/2026 09:25 AM,120.13,121.43,120.13,121.43,70987
09/09/2026 09:30 AM,121.24,125.613,121.24,125.23,1022010
09/09/2026 09:35 AM,125.23,125.88,124.63,124.799,747606
09/09/2026 09:40 AM,124.849,125.39,124.03,124.63,499628
09/09/2026 09:45 AM,124.63,125.17,123.08,124.74,557511
09/09/2026 09:50 AM,124.76,125.95,124.346,125.945,469747
09/09/2026 09:55 AM,125.95,127.5,125.88,127.27,897251
09/09/2026 10:00 AM,127.25,128.25,126.58,127.86,832552
09/09/2026 10:05 AM,127.87,128.48,127.48,127.805,708783
09/09/2026 10:10 AM,127.805,128.26,127.35,128.127,396653
09/09/2026 10:15 AM,128.1,128.145,126.22,126.56,519685
09/09/2026 10:20 AM,126.54,126.77,125.56,125.9,462803
09/09/2026 10:25 AM,125.934,127.17,125.83,127.155,352663
09/09/2026 10:30 AM,127.15,127.24,126.51,126.88,265344
09/09/2026 10:35 AM,126.825,126.96,125.87,126.695,254266
09/09/2026 10:40 AM,126.65,126.9,126.24,126.679,179422
09/09/2026 10:45 AM,126.66,126.72,126.138,126.572,126451
09/09/2026 10:50 AM,126.56,126.796,125.75,125.83,144792
09/09/2026 10:55 AM,125.859,126.88,125.859,126.755,183816
09/09/2026 11:00 AM,126.79,127.44,126.34,126.71,290694
09/09/2026 11:05 AM,126.759,126.969,124.71,124.87,634829
09/09/2026 11:10 AM,124.849,125.13,123.64,124.281,436898
09/09/2026 11:15 AM,124.32,125.02,124.08,124.863,272668
09/09/2026 11:20 AM,124.859,125.22,122.96,123.19,441903
09/09/2026 11:25 AM,123.2,123.86,123.08,123.814,268221
09/09/2026 11:30 AM,123.86,124.86,123.795,124.856,263831
09/09/2026 11:35 AM,124.87,125.57,124.11,125.546,307317
09/09/2026 11:40 AM,125.527,125.81,124.8,125.342,235194
09/09/2026 11:45 AM,125.382,125.73,125.05,125.595,148306
09/09/2026 11:50 AM,125.612,126.31,125.612,126.235,211969
09/09/2026 11:55 AM,126.23,126.25,125.27,125.76,170113
09/09/2026 12:00 PM,125.75,126.058,125.56,125.89,95696
09/09/2026 12:05 PM,125.905,125.943,125.09,125.15,123097
09/09/2026 12:10 PM,125.12,125.31,124.68,124.795,136463
09/09/2026 12:15 PM,124.82,124.91,124.44,124.69,114934
09/09/2026 12:20 PM,124.69,124.93,124.45,124.925,87848
09/09/2026 12:25 PM,124.931,125.05,124.16,124.5,129071
09/09/2026 12:30 PM,124.56,125.65,124.49,125.65,199584
09/09/2026 12:35 PM,125.65,126.015,125.47,125.975,124890
09/09/2026 12:40 PM,125.975,126.16,125.88,126.143,148265
09/09/2026 12:45 PM,126.16,126.22,125.796,126,124950
09/09/2026 12:50 PM,126.026,126.53,125.97,126,171585
09/09/2026 12:55 PM,125.994,126.22,125.77,125.847,86283
09/09/2026 13:00 PM,125.847,126.35,125.53,125.97,196960
09/09/2026 13:05 PM,125.97,126.44,125.96,126.13,94912
09/09/2026 13:10 PM,126.11,126.57,125.96,126.47,107632
09/09/2026 13:15 PM,126.447,126.55,126.07,126.07,87163
09/09/2026 13:20 PM,126.07,126.13,125.8,125.83,70643
09/09/2026 13:25 PM,125.817,125.875,125.538,125.57,73488
09/09/2026 13:30 PM,125.58,125.66,125.15,125.55,141555
09/09/2026 13:35 PM,125.56,125.66,125.04,125.11,126064
09/09/2026 13:40 PM,125.14,125.52,125.13,125.51,86725
09/09/2026 13:45 PM,125.49,126.05,125.47,126.01,121714
09/09/2026 13:50 PM,126.01,126.2,125.84,126.188,109069
09/09/2026 13:55 PM,126.165,126.165,125.845,125.875,90579
09/09/2026 14:00 PM,125.87,126.08,125.785,125.925,73349
09/09/2026 14:05 PM,125.89,126,125.701,125.795,62520
09/09/2026 14:10 PM,125.79,125.95,125.54,125.775,89016
09/09/2026 14:15 PM,125.78,125.933,125.668,125.73,72722
09/09/2026 14:20 PM,125.71,125.765,125.45,125.57,64049
09/09/2026 14:25 PM,125.6,125.8,125.45,125.58,99779
09/09/2026 14:30 PM,125.6,125.9,125.561,125.718,89317
09/09/2026 14:35 PM,125.75,125.923,125.7,125.8,49454
09/09/2026 14:40 PM,125.78,125.83,125.53,125.68,80743
09/09/2026 14:45 PM,125.7,125.82,125.48,125.53,60256
09/09/2026 14:50 PM,125.517,125.57,125.13,125.32,106957
09/09/2026 14:55 PM,125.32,125.38,124.84,124.875,144092
09/09/2026 15:00 PM,124.92,125.21,124.776,124.999,265047
09/09/2026 15:05 PM,125,125.57,124.951,125.5,181676
09/09/2026 15:10 PM,125.51,125.54,125.27,125.42,91190
09/09/2026 15:15 PM,125.43,125.93,125.42,125.86,177697
09/09/2026 15:20 PM,125.851,126.07,125.669,125.77,204582
09/09/2026 15:25 PM,125.775,125.81,125.165,125.165,112836
09/09/2026 15:30 PM,125.165,125.44,125.14,125.278,228253
09/09/2026 15:35 PM,125.27,125.41,125.14,125.24,138444
09/09/2026 15:40 PM,125.24,125.325,125.125,125.204,114138
09/09/2026 15:45 PM,125.22,125.45,125.15,125.325,126504
09/09/2026 15:50 PM,125.33,125.65,125.08,125.308,283441
09/09/2026 15:55 PM,125.32,125.98,125,125.87,503842
09/09/2026 16:00 PM,125.92,126.03,125.64,125.89,48092
09/09/2026 16:05 PM,125.9,125.99,125.83,125.96,24879
09/09/2026 16:10 PM,125.96,125.99,125.78,125.801,21471
09/09/2026 16:15 PM,125.87,125.88,125.7,125.8,4863
09/09/2026 16:20 PM,125.8,125.94,125.73,125.934,5627
09/09/2026 16:25 PM,125.94,126.06,125.91,125.97,16286
09/09/2026 16:30 PM,125.939,126.03,125.87,125.95,8910
09/09/2026 16:35 PM,125.99,126.05,125.91,125.92,3983
09/09/2026 16:40 PM,125.925,126.1,125.9,126.028,14802
09/09/2026 16:45 PM,126.03,126.19,126,126.19,15534
09/09/2026 16:50 PM,126.08,126.16,126.021,126.031,11709
09/09/2026 16:55 PM,126.04,126.09,126.02,126.04,5910
09/09/2026 17:00 PM,126.04,126.12,126.02,126.03,9223
09/09/2026 17:05 PM,126.034,126.05,125.9,125.95,9783
09/09/2026 17:10 PM,125.94,125.95,125.83,125.89,14279
09/09/2026 17:15 PM,125.88,125.92,125.88,125.89,5936
09/09/2026 17:20 PM,125.88,125.91,125.8,125.81,7099
09/09/2026 17:25 PM,125.81,125.83,125.71,125.82,3917
09/09/2026 17:30 PM,125.82,125.83,125.76,125.82,6658
09/09/2026 17:35 PM,125.82,125.83,125.76,125.76,4654
09/09/2026 17:40 PM,125.76,125.83,125.76,125.76,7245
09/09/2026 17:45 PM,125.77,125.775,125.58,125.63,4013
09/09/2026 17:50 PM,125.63,125.701,125.63,125.701,7496
09/09/2026 17:55 PM,125.708,125.8,125.7,125.8,7992
09/09/2026 18:00 PM,125.84,125.92,125.6,125.62,12196
09/09/2026 18:05 PM,125.616,125.63,125.44,125.53,24914
09/09/2026 18:10 PM,125.5,125.64,125.38,125.4,7149
09/09/2026 18:15 PM,125.38,125.42,125.27,125.278,6415
09/09/2026 18:20 PM,125.28,125.39,125.25,125.264,11241
09/09/2026 18:25 PM,125.3,125.35,125.26,125.27,2952
09/09/2026 18:30 PM,125.294,125.35,125.26,125.32,4032
09/09/2026 18:35 PM,125.316,125.371,125.31,125.368,1773
09/09/2026 18:40 PM,125.36,125.46,125.36,125.44,7387
09/09/2026 18:45 PM,125.44,125.44,125.3,125.3,3229
09/09/2026 18:50 PM,125.3,125.33,125.26,125.281,3846
09/09/2026 18:55 PM,125.28,125.31,125.19,125.21,13721
09/09/2026 19:00 PM,125.21,125.3,125.2,125.26,6807
09/09/2026 19:05 PM,125.277,125.277,125.19,125.19,2644
09/09/2026 19:10 PM,125.2,125.2,125.1,125.111,3309
09/09/2026 19:15 PM,125.102,125.215,125.01,125.12,7379
09/09/2026 19:20 PM,125.12,125.2,125.1,125.15,2248
09/09/2026 19:25 PM,125.15,125.165,125.05,125.1,3380
09/09/2026 19:30 PM,125.1,125.14,125.05,125.09,1481
09/09/2026 19:35 PM,125.14,125.15,125.1,125.12,5606
09/09/2026 19:40 PM,125.15,125.23,125.12,125.23,4823
09/09/2026 19:45 PM,125.23,125.24,125.101,125.2,18856
09/09/2026 19:50 PM,125.18,125.66,125.18,125.6,10644
09/09/2026 19:55 PM,125.56,125.7,125.56,125.6,11295
09/10/2026 04:00 AM,124.106,124.428,123.5,123.7,103600
09/10/2026 04:05 AM,123.66,124.09,123.55,123.725,11107
09/10/2026 04:10 AM,123.72,124.03,123.09,123.154,11235
09/10/2026 04:15 AM,123.18,123.44,122.89,123.376,9235
09/10/2026 04:20 AM,123.4,123.95,123.4,123.77,11961
09/10/2026 04:25 AM,123.7,123.86,123.498,123.78,16979
09/10/2026 04:30 AM,123.78,123.99,123.15,123.316,6627
09/10/2026 04:35 AM,123.3,123.68,123.28,123.5,5987
09/10/2026 04:40 AM,123.399,123.553,122.936,123.056,11715
09/10/2026 04:45 AM,123.075,123.25,122.89,122.92,5620
09/10/2026 04:50 AM,122.9,123.32,122.7,123.149,7046
09/10/2026 04:55 AM,123.13,123.14,122.85,122.95,3482
09/10/2026 05:00 AM,122.87,123.4,122.76,123.36,6425
09/10/2026 05:05 AM,123.34,123.35,122.86,122.965,4452
09/10/2026 05:10 AM,122.968,123.25,122.95,123.124,3178
09/10/2026 05:15 AM,123.2,123.2,122.94,123.03,4577
09/10/2026 05:20 AM,123.1,123.134,122.82,122.91,7112
09/10/2026 05:25 AM,122.9,123.01,122.64,122.73,13263
09/10/2026 05:30 AM,122.7,122.7,122.06,122.35,21078
09/10/2026 05:35 AM,122.35,122.35,122.08,122.116,9133
09/10/2026 05:40 AM,122.12,122.474,121.81,122.394,22163
09/10/2026 05:45 AM,122.39,122.696,122.343,122.51,10474
09/10/2026 05:50 AM,122.53,122.88,122.454,122.8,14629
09/10/2026 05:55 AM,122.8,122.95,122.475,122.532,3559
09/10/2026 06:00 AM,122.53,122.95,122.26,122.69,5366
09/10/2026 06:05 AM,122.74,122.762,122.26,122.37,3171
09/10/2026 06:10 AM,122.446,122.693,122.304,122.55,1581
09/10/2026 06:15 AM,122.527,122.75,122.5,122.595,4149
09/10/2026 06:20 AM,122.53,122.724,122.44,122.604,4782
09/10/2026 06:25 AM,122.61,122.84,122.37,122.51,6262
09/10/2026 06:30 AM,122.51,122.51,121.97,122.1,13481
09/10/2026 06:35 AM,122.05,122.53,122,122.43,8257
09/10/2026 06:40 AM,122.4,122.6,122.367,122.44,6231
09/10/2026 06:45 AM,122.4,122.44,122.2,122.4,1675
09/10/2026 06:50 AM,122.37,122.43,121.99,121.99,10369
09/10/2026 06:55 AM,121.996,122.94,121.88,122.17,15433
09/10/2026 07:00 AM,122.18,122.19,121.01,121.28,63943
09/10/2026 07:05 AM,121.27,121.4,120.96,121.21,43109
09/10/2026 07:10 AM,121.21,121.42,120.9,121.29,34771
09/10/2026 07:15 AM,121.289,121.409,120.98,121.134,16925
09/10/2026 07:20 AM,121.09,121.33,120.98,121.22,19653
09/10/2026 07:25 AM,121.25,121.35,121.11,121.19,18721
09/10/2026 07:30 AM,121.198,121.71,121.12,121.661,22389
09/10/2026 07:35 AM,121.65,121.76,121.51,121.6,21922
09/10/2026 07:40 AM,121.6,121.62,121.27,121.33,11045
09/10/2026 07:45 AM,121.35,121.47,120.71,120.71,49291
09/10/2026 07:50 AM,120.71,120.738,120.23,120.43,54898
09/10/2026 07:55 AM,120.43,120.43,119.58,119.626,83057
09/10/2026 08:00 AM,119.64,119.905,118.665,118.71,175108
09/10/2026 08:05 AM,118.73,119.16,118.61,118.66,55774
09/10/2026 08:10 AM,118.666,119.047,118.38,118.748,141373
09/10/2026 08:15 AM,118.75,118.94,118.31,118.6,55834
09/10/2026 08:20 AM,118.6,118.64,117.82,118,105123
09/10/2026 08:25 AM,118,119.05,117.76,118.629,88391
09/10/2026 08:30 AM,118.629,119.21,115.81,115.949,322070
09/10/2026 08:35 AM,115.94,116.375,115.37,115.62,214135
09/10/2026 08:40 AM,115.65,116.3,115.28,116.23,143355
09/10/2026 08:45 AM,116.23,116.3,115.55,115.96,87186
09/10/2026 08:50 AM,115.92,116,114.65,114.977,204760
09/10/2026 08:55 AM,114.979,115,114.14,114.76,141334
09/10/2026 09:00 AM,114.75,115.499,114.56,115.45,140705
09/10/2026 09:05 AM,115.42,115.45,114.51,114.841,74332
09/10/2026 09:10 AM,114.86,115.36,114.78,114.79,61067
09/10/2026 09:15 AM,114.83,115.07,114.26,114.71,87553
09/10/2026 09:20 AM,114.7,114.84,114.33,114.476,65249
09/10/2026 09:25 AM,114.49,116.326,114.39,116.322,125187
09/10/2026 09:30 AM,116.35,118.159,114.632,115.2,1327265
09/10/2026 09:35 AM,115.239,117.3,115.12,117.17,769721
09/10/2026 09:40 AM,117.12,118.01,115.61,115.681,718428
09/10/2026 09:45 AM,115.721,116.57,115.06,116.02,707605
09/10/2026 09:50 AM,115.974,116.02,113.58,113.86,883990
09/10/2026 09:55 AM,113.87,114.572,113.55,113.899,597722
09/10/2026 10:00 AM,113.899,116.32,113.76,115.59,846023
09/10/2026 10:05 AM,115.611,115.87,114.87,115.8,313170
09/10/2026 10:10 AM,115.836,116.35,115.12,115.29,344181
09/10/2026 10:15 AM,115.297,115.7,114.62,115.595,289852
09/10/2026 10:20 AM,115.595,117.785,115.424,117.295,497646
09/10/2026 10:25 AM,117.295,118.03,116.5,117.119,594873
09/10/2026 10:30 AM,117.119,117.8,116.84,117.425,333280
09/10/2026 10:35 AM,117.47,119.07,117.4,118.441,641236
09/10/2026 10:40 AM,118.39,118.649,117.55,117.79,348326
09/10/2026 10:45 AM,117.764,118.17,117.24,117.8,267164
09/10/2026 10:50 AM,117.805,118.456,117.4,118.453,222043
09/10/2026 10:55 AM,118.452,118.86,118,118.822,264903
09/10/2026 11:00 AM,118.86,118.924,117.93,118.285,271053
09/10/2026 11:05 AM,118.29,119.05,118.27,118.41,214021
09/10/2026 11:10 AM,118.431,119.32,118.381,119.065,256212
09/10/2026 11:15 AM,119.075,119.21,117.8,118.239,365197
09/10/2026 11:20 AM,118.25,118.45,117.82,118.334,141852
09/10/2026 11:25 AM,118.295,119,118.18,118.564,175472
09/10/2026 11:30 AM,118.555,118.7,118.12,118.7,116471
09/10/2026 11:35 AM,118.675,118.83,118.17,118.487,100361
09/10/2026 11:40 AM,118.486,118.98,118.12,118.94,171164
09/10/2026 11:45 AM,118.96,119.02,118.3,118.66,147799
09/10/2026 11:50 AM,118.65,118.99,118.34,118.504,110763
09/10/2026 11:55 AM,118.46,118.66,117.9,118.496,161949
09/10/2026 12:00 PM,118.5,118.77,118.128,118.15,95567
09/10/2026 12:05 PM,118.189,118.48,117.67,117.745,163502
09/10/2026 12:10 PM,117.75,118,117.13,117.33,281812
09/10/2026 12:15 PM,117.39,117.77,116.8,117,219249
09/10/2026 12:20 PM,117.069,117.443,117.05,117.26,118465
09/10/2026 12:25 PM,117.28,117.39,116.461,116.777,222639
09/10/2026 12:30 PM,116.75,117.179,116.2,116.26,237465
09/10/2026 12:35 PM,116.238,116.55,115.75,116.34,264018
09/10/2026 12:40 PM,116.38,117.1,116.34,117.05,188419
09/10/2026 12:45 PM,117.055,117.68,117.032,117.246,254733
09/10/2026 12:50 PM,117.295,118.05,117.295,118.03,236334
09/10/2026 12:55 PM,118.03,118.21,117.8,118.048,158286
09/10/2026 13:00 PM,118.02,118.8,117.83,118.122,212628
09/10/2026 13:05 PM,118.13,118.56,118,118.23,136329
09/10/2026 13:10 PM,118.23,118.58,117.87,117.895,105121
09/10/2026 13:15 PM,117.895,118.06,117.77,117.92,80555
09/10/2026 13:20 PM,117.935,117.96,117.55,117.64,72634
09/10/2026 13:25 PM,117.64,117.74,117.39,117.665,102288
09/10/2026 13:30 PM,117.6,117.72,117.27,117.385,74359
09/10/2026 13:35 PM,117.38,117.69,116.91,116.96,122601
09/10/2026 13:40 PM,116.92,117.45,116.92,117.408,92541
09/10/2026 13:45 PM,117.4,117.46,117.14,117.185,53632
09/10/2026 13:50 PM,117.205,117.465,117.05,117.465,79930
09/10/2026 13:55 PM,117.44,117.66,117.2,117.525,90292
09/10/2026 14:00 PM,117.525,117.86,116.96,117.05,127190
09/10/2026 14:05 PM,117.06,117.38,116.78,116.89,85841
09/10/2026 14:10 PM,116.885,117.22,116.72,117.13,89404
09/10/2026 14:15 PM,117.142,117.17,116.84,117.118,65756
09/10/2026 14:20 PM,117.17,117.52,117.086,117.13,135221
09/10/2026 14:25 PM,117.16,117.275,116.9,116.98,47274
09/10/2026 14:30 PM,117.005,117.08,116.8,117.03,98685
09/10/2026 14:35 PM,117.05,117.23,116.87,117.2,64772
09/10/2026 14:40 PM,117.183,117.2,116.89,117.075,101625
09/10/2026 14:45 PM,117.05,117.217,116.6,116.76,188997
09/10/2026 14:50 PM,116.76,117.601,116.57,117.23,291996
09/10/2026 14:55 PM,117.24,117.45,117.136,117.4,148674
09/10/2026 15:00 PM,117.37,117.67,116.85,116.94,314364
09/10/2026 15:05 PM,116.94,117.09,116.13,116.525,451821
09/10/2026 15:10 PM,116.53,116.73,116.08,116.4,239954
09/10/2026 15:15 PM,116.43,116.73,116.24,116.52,214538
09/10/2026 15:20 PM,116.53,116.925,116.465,116.85,207895
09/10/2026 15:25 PM,116.875,117.34,116.86,117.24,249198
09/10/2026 15:30 PM,117.23,117.61,116.98,117.33,813305
09/10/2026 15:35 PM,117.34,117.39,116.77,117.03,216647
09/10/2026 15:40 PM,117.05,117.27,116.72,116.745,205492
09/10/2026 15:45 PM,116.745,117.12,116.74,116.88,229977
09/10/2026 15:50 PM,116.9,116.94,116,116.17,608652
09/10/2026 15:55 PM,116.16,116.37,115.46,115.76,1150756
09/10/2026 16:00 PM,115.63,115.91,115.62,115.65,32019
09/10/2026 16:05 PM,115.65,115.69,115.49,115.549,36500
09/10/2026 16:10 PM,115.57,115.85,115.48,115.8,76351
09/10/2026 16:15 PM,115.76,115.84,115.7,115.739,28051
09/10/2026 16:20 PM,115.72,115.85,115.72,115.83,26915
09/10/2026 16:25 PM,115.82,115.88,115.5,115.57,32674
09/10/2026 16:30 PM,115.57,115.629,115.412,115.57,21159
09/10/2026 16:35 PM,115.57,115.57,115.48,115.56,20136
09/10/2026 16:40 PM,115.51,115.79,115.51,115.74,20015
09/10/2026 16:45 PM,115.71,115.74,115.58,115.611,17966
09/10/2026 16:50 PM,115.65,115.7,115.6,115.6,9312
09/10/2026 16:55 PM,115.63,115.63,115.35,115.414,15359
09/10/2026 17:00 PM,115.47,116.25,115.47,115.89,57755
09/10/2026 17:05 PM,115.92,116.3,115.85,116.3,24311
09/10/2026 17:10 PM,116.3,116.32,116,116.046,28040
09/10/2026 17:15 PM,116.07,116.09,115.85,115.998,23551
09/10/2026 17:20 PM,115.992,116,115.8,115.87,10181
09/10/2026 17:25 PM,115.88,115.9,115.6,115.619,15699
09/10/2026 17:30 PM,115.65,115.8,115.577,115.71,10786
09/10/2026 17:35 PM,115.71,115.71,115.43,115.53,17322
09/10/2026 17:40 PM,115.56,115.56,115.335,115.4,9796
09/10/2026 17:45 PM,115.4,115.6,115.36,115.53,14339
09/10/2026 17:50 PM,115.569,115.68,115.5,115.61,8197
09/10/2026 17:55 PM,115.61,115.81,115.608,115.75,17536
09/10/2026 18:00 PM,115.74,115.88,115.68,115.8,13635
09/10/2026 18:05 PM,115.79,115.8,115.55,115.73,6793
09/10/2026 18:10 PM,115.73,115.79,115.62,115.7,4809
09/10/2026 18:15 PM,115.69,115.73,115.6,115.72,7346
09/10/2026 18:20 PM,115.75,115.88,115.69,115.69,15331
09/10/2026 18:25 PM,115.71,115.77,115.2,115.256,11476
09/10/2026 18:30 PM,115.19,115.39,115.05,115.08,16709
09/10/2026 18:35 PM,115.07,115.15,114.93,114.93,25211
09/10/2026 18:40 PM,114.93,114.96,114.7,114.733,26792
09/10/2026 18:45 PM,114.74,114.9,114.511,114.9,19760
09/10/2026 18:50 PM,114.9,114.9,114.6,114.69,17899
09/10/2026 18:55 PM,114.69,114.77,114.611,114.65,10875
09/10/2026 19:00 PM,114.69,114.76,114.51,114.53,10607
09/10/2026 19:05 PM,114.55,114.81,114.55,114.81,19061
09/10/2026 19:10 PM,114.79,114.98,114.78,114.877,23034
09/10/2026 19:15 PM,114.85,114.9,114.79,114.83,10151
09/10/2026 19:20 PM,114.83,114.83,114.4,114.401,24920
09/10/2026 19:25 PM,114.41,114.74,114.341,114.71,12638
09/10/2026 19:30 PM,114.72,114.9,114.558,114.59,8911
09/10/2026 19:35 PM,114.59,114.72,114.5,114.58,11213
09/10/2026 19:40 PM,114.63,114.63,114.41,114.46,7948
09/10/2026 19:45 PM,114.48,114.5,114.2,114.25,23503
09/10/2026 19:50 PM,114.244,114.28,114.08,114.081,22144
09/10/2026 19:55 PM,114.081,114.081,113.91,113.99,29447
09/11/2026 04:00 AM,116.61,117.8,116.61,117.2,49490
09/11/2026 04:05 AM,117.226,117.226,116.797,116.797,17308
09/11/2026 04:10 AM,116.93,117.384,116.7,117.198,14923
09/11/2026 04:15 AM,117.168,117.6,117.025,117.29,11289
09/11/2026 04:20 AM,117.37,118.58,117.3,118.16,24400
09/11/2026 04:25 AM,118.2,118.364,117.785,118.015,15859
09/11/2026 04:30 AM,118.013,118.79,117.91,118.575,27303
09/11/2026 04:35 AM,118.629,118.7,118.3,118.398,9777
09/11/2026 04:40 AM,118.34,118.6,118.22,118.23,8453
09/11/2026 04:45 AM,118.27,118.642,118.204,118.584,9951
09/11/2026 04:50 AM,118.52,118.87,118.44,118.641,15189
09/11/2026 04:55 AM,118.621,118.81,118.55,118.7,6935
09/11/2026 05:00 AM,118.716,118.92,118.5,118.61,15277
09/11/2026 05:05 AM,118.561,118.67,118.24,118.24,14356
09/11/2026 05:10 AM,118.24,118.3,118,118,7558
09/11/2026 05:15 AM,118,118.51,117.9,118.46,17273
09/11/2026 05:20 AM,118.46,118.56,118.26,118.38,4927
09/11/2026 05:25 AM,118.36,118.46,118.28,118.31,2173
09/11/2026 05:30 AM,118.32,118.49,118.2,118.36,3426
09/11/2026 05:35 AM,118.38,118.5,118.34,118.48,4614
09/11/2026 05:40 AM,118.468,118.52,118.202,118.202,3997
09/11/2026 05:45 AM,118.24,118.34,118.105,118.18,56818
09/11/2026 05:50 AM,118.18,118.29,118.13,118.29,3506
09/11/2026 05:55 AM,118.25,118.52,118.2,118.36,6150
09/11/2026 06:00 AM,118.37,118.836,117.93,118.8,13313
09/11/2026 06:05 AM,118.78,118.85,118.594,118.66,5967
09/11/2026 06:10 AM,118.61,118.79,118.47,118.57,6848
09/11/2026 06:15 AM,118.63,118.68,118.491,118.61,4868
09/11/2026 06:20 AM,118.62,118.62,118.37,118.5,4993
09/11/2026 06:25 AM,118.52,118.54,118.25,118.32,3101
09/11/2026 06:30 AM,118.3,118.49,118.255,118.476,748
09/11/2026 06:35 AM,118.5,118.57,118.336,118.4,7592
09/11/2026 06:40 AM,118.38,118.4,118.24,118.26,2995
09/11/2026 06:45 AM,118.3,118.39,118.143,118.344,3605
09/11/2026 06:50 AM,118.34,118.486,118.284,118.31,3252
09/11/2026 06:55 AM,118.373,118.4,118.2,118.21,2785
09/11/2026 07:00 AM,118.23,118.32,118,118,49593
09/11/2026 07:05 AM,117.95,118.1,117.64,117.731,33082
09/11/2026 07:10 AM,117.764,117.98,117.63,117.907,21887
09/11/2026 07:15 AM,117.909,118.2,117.75,118.14,39987
09/11/2026 07:20 AM,118.15,118.278,118,118.268,14454
09/11/2026 07:25 AM,118.28,118.671,118.28,118.46,31044
09/11/2026 07:30 AM,118.48,118.727,118.34,118.406,29924
09/11/2026 07:35 AM,118.42,118.77,118.27,118.71,12490
09/11/2026 07:40 AM,118.67,119.31,118.66,119.21,42574
09/11/2026 07:45 AM,119.257,119.56,119.07,119.53,56298
09/11/2026 07:50 AM,119.5,119.529,119.11,119.15,24560
09/11/2026 07:55 AM,119.13,119.2,118.88,118.94,21490
09/11/2026 08:00 AM,118.9,119.06,118.77,118.81,38264
09/11/2026 08:05 AM,118.81,119.04,118.758,119.01,23402
09/11/2026 08:10 AM,119.015,119.35,118.77,118.928,27675
09/11/2026 08:15 AM,118.94,119.44,118.81,119.28,24376
09/11/2026 08:20 AM,119.271,119.3,118.89,119.01,44949
09/11/2026 08:25 AM,119.048,120.3,118.96,119.95,70936
09/11/2026 08:30 AM,120.11,120.14,116.15,119.11,477377
09/11/2026 08:35 AM,119.11,120.64,118.71,120.58,221227
09/11/2026 08:40 AM,120.512,120.976,119.58,119.83,220937
09/11/2026 08:45 AM,119.92,120.75,119.45,120.724,135047
09/11/2026 08:50 AM,120.72,121.59,120.7,121.43,140779
09/11/2026 08:55 AM,121.402,121.99,121.25,121.7,193776
09/11/2026 09:00 AM,121.694,122.39,121.69,121.853,118147
09/11/2026 09:05 AM,121.87,122.1,121.23,121.348,130239
09/11/2026 09:10 AM,121.321,121.64,121.27,121.64,63541
09/11/2026 09:15 AM,121.58,121.7,121.05,121.24,83745
09/11/2026 09:20 AM,121.205,121.485,120.93,121.125,63074
09/11/2026 09:25 AM,121.09,121.41,120.6,120.77,83582
09/11/2026 09:30 AM,120.71,120.77,118.68,119.85,1125038
09/11/2026 09:35 AM,119.89,120.33,117.871,120.315,1212991
09/11/2026 09:40 AM,120.315,122.12,119.49,121.961,1154257
09/11/2026 09:45 AM,122,123.2,121.359,122.3,1082544
09/11/2026 09:50 AM,122.261,122.41,120.25,121.369,792643
09/11/2026 09:55 AM,121.4,121.86,120.585,121.86,376397
09/11/2026 10:00 AM,121.77,121.82,119.13,119.215,571934
09/11/2026 10:05 AM,119.23,120.08,118.95,119.875,620658
09/11/2026 10:10 AM,119.9,121.05,119.86,120.984,485917
09/11/2026 10:15 AM,121.01,122.065,120.6,121.95,501401
09/11/2026 10:20 AM,121.943,122.43,121.72,121.85,365916
09/11/2026 10:25 AM,121.84,122.84,121.823,122.421,339163
09/11/2026 10:30 AM,122.41,122.51,121.5,121.93,304975
09/11/2026 10:35 AM,121.89,121.93,120.75,121.187,420842
09/11/2026 10:40 AM,121.17,121.6,120.34,120.83,317226
09/11/2026 10:45 AM,120.8,121.74,120.13,121.73,348680
09/11/2026 10:50 AM,121.706,121.78,121,121.195,212099
09/11/2026 10:55 AM,121.195,121.94,120.87,121.75,204242
09/11/2026 11:00 AM,121.75,122.17,121.503,122.17,197561
09/11/2026 11:05 AM,122.15,122.71,122,122.55,369903
09/11/2026 11:10 AM,122.54,122.81,121.46,121.865,256399
09/11/2026 11:15 AM,121.9,123.05,121.865,122.77,285284
09/11/2026 11:20 AM,122.77,123.49,122.68,123.49,237435
09/11/2026 11:25 AM,123.48,124.03,123.41,123.857,355019
09/11/2026 11:30 AM,123.882,124.47,123.68,124.32,353892
09/11/2026 11:35 AM,124.326,124.354,123.51,123.79,259486
09/11/2026 11:40 AM,123.835,123.88,123.32,123.72,199633
09/11/2026 11:45 AM,123.73,123.98,123.43,123.909,174053
09/11/2026 11:50 AM,123.9,123.93,123.12,123.25,180058
09/11/2026 11:55 AM,123.278,123.64,123.02,123.533,126142
09/11/2026 12:00 PM,123.505,123.94,123.48,123.918,152890
09/11/2026 12:05 PM,123.93,123.99,123.5,123.596,108550
09/11/2026 12:10 PM,123.62,123.655,123.1,123.31,152909
09/11/2026 12:15 PM,123.315,123.35,122.87,123.04,154683
09/11/2026 12:20 PM,123.025,123.05,122.52,122.657,126412
09/11/2026 12:25 PM,122.665,123,122.11,122.22,215291
09/11/2026 12:30 PM,122.22,122.95,122.11,122.57,136255
09/11/2026 12:35 PM,122.57,122.619,121.94,122.02,142341
09/11/2026 12:40 PM,122.01,122.961,121.84,122.906,165871
09/11/2026 12:45 PM,122.911,122.95,122.45,122.495,96974
09/11/2026 12:50 PM,122.494,123.259,122.45,123.25,138179
09/11/2026 12:55 PM,123.243,123.5,123.18,123.446,151729
09/11/2026 13:00 PM,123.46,123.65,123.39,123.485,124255
09/11/2026 13:05 PM,123.5,123.865,123.463,123.709,120346
09/11/2026 13:10 PM,123.695,123.83,123.17,123.204,113057
09/11/2026 13:15 PM,123.2,123.68,123.17,123.609,74891
09/11/2026 13:20 PM,123.581,123.88,123.5,123.86,90335
09/11/2026 13:25 PM,123.85,123.96,123.74,123.86,99993
09/11/2026 13:30 PM,123.875,124.06,123.7,123.81,118847
09/11/2026 13:35 PM,123.83,124.17,123.79,124.13,127273
09/11/2026 13:40 PM,124.11,124.36,124.024,124.21,131572
09/11/2026 13:45 PM,124.205,124.32,124.07,124.2,102547
09/11/2026 13:50 PM,124.265,124.5,124.21,124.305,102776
09/11/2026 13:55 PM,124.32,124.34,123.9,123.98,168238
09/11/2026 14:00 PM,123.97,124.006,123.72,123.795,92453
09/11/2026 14:05 PM,123.81,124.007,123.65,123.888,76511
09/11/2026 14:10 PM,123.91,123.91,123.51,123.57,90377
09/11/2026 14:15 PM,123.595,123.76,123.481,123.691,66184
09/11/2026 14:20 PM,123.742,123.765,123.18,123.36,199575
09/11/2026 14:25 PM,123.37,123.57,123.29,123.5,121070
09/11/2026 14:30 PM,123.49,123.89,123.29,123.84,135394
09/11/2026 14:35 PM,123.84,123.87,123.525,123.612,84852
09/11/2026 14:40 PM,123.625,123.75,123.42,123.5,89808
09/11/2026 14:45 PM,123.51,123.59,123.24,123.26,83401
09/11/2026 14:50 PM,123.26,123.368,122.93,122.981,141349
09/11/2026 14:55 PM,122.97,123.446,122.97,123.071,134734
09/11/2026 15:00 PM,123.075,123.11,122.38,122.46,235346
09/11/2026 15:05 PM,122.475,122.679,122.3,122.34,109115
09/11/2026 15:10 PM,122.369,122.47,121.94,122.06,292057
09/11/2026 15:15 PM,122.055,122.38,122.01,122.205,273047
09/11/2026 15:20 PM,122.19,122.21,121.74,122.005,289685
09/11/2026 15:25 PM,122.01,122.195,121.6,121.765,286902
09/11/2026 15:30 PM,121.745,121.955,121.56,121.77,755363
09/11/2026 15:35 PM,121.77,121.79,121.47,121.665,355134
09/11/2026 15:40 PM,121.67,121.87,121.62,121.8,280691
09/11/2026 15:45 PM,121.79,122.05,121.56,121.704,350059
09/11/2026 15:50 PM,121.7,122.09,121.48,121.81,490980
09/11/2026 15:55 PM,121.81,121.97,121.3,121.82,833470
09/11/2026 16:00 PM,121.86,121.88,121.5,121.56,28178
09/11/2026 16:05 PM,121.575,121.86,121.56,121.81,17183
09/11/2026 16:10 PM,121.85,121.85,121.41,121.451,21705
09/11/2026 16:15 PM,121.5,121.56,121.43,121.512,18290
09/11/2026 16:20 PM,121.54,121.69,121.51,121.56,10475
09/11/2026 16:25 PM,121.58,121.8,121.561,121.75,9614
09/11/2026 16:30 PM,121.778,121.8,121.67,121.78,3706
09/11/2026 16:35 PM,121.775,121.82,121.75,121.81,9243
09/11/2026 16:40 PM,121.781,121.82,121.72,121.75,4323
09/11/2026 16:45 PM,121.7,121.778,121.7,121.72,2726
09/11/2026 16:50 PM,121.72,121.78,121.67,121.78,4203
09/11/2026 16:55 PM,121.77,121.89,121.745,121.82,12268
09/11/2026 17:00 PM,121.82,121.87,121.78,121.84,4254
09/11/2026 17:05 PM,121.835,121.85,121.79,121.84,6484
09/11/2026 17:10 PM,121.83,121.94,121.82,121.84,6268
09/11/2026 17:15 PM,121.86,121.9,121.71,121.76,7888
09/11/2026 17:20 PM,121.76,121.84,121.7,121.84,11511
09/11/2026 17:25 PM,121.79,121.84,121.79,121.83,1290
09/11/2026 17:30 PM,121.82,121.83,121.78,121.8,13236
09/11/2026 17:35 PM,121.79,121.8,121.78,121.79,4421
09/11/2026 17:40 PM,121.799,121.8,121.78,121.78,4325
09/11/2026 17:45 PM,121.78,121.78,121.661,121.67,4324
09/11/2026 17:50 PM,121.66,121.69,121.6,121.66,4833
09/11/2026 17:55 PM,121.67,121.7,121.63,121.63,4466
09/11/2026 18:00 PM,121.67,121.711,121.64,121.7,13078
09/11/2026 18:05 PM,121.7,121.73,121.66,121.73,11650
09/11/2026 18:10 PM,121.73,121.79,121.71,121.79,2997
09/11/2026 18:15 PM,121.79,121.85,121.79,121.85,4200
09/11/2026 18:20 PM,121.849,121.89,121.82,121.82,4266
09/11/2026 18:25 PM,121.81,121.81,121.76,121.78,5469
09/11/2026 18:30 PM,121.78,121.84,121.73,121.8,11175
09/11/2026 18:35 PM,121.82,121.84,121.72,121.73,6572
09/11/2026 18:40 PM,121.726,121.73,121.65,121.69,1208
09/11/2026 18:45 PM,121.66,121.68,121.65,121.68,2547
09/11/2026 18:50 PM,121.68,121.74,121.65,121.72,2928
09/11/2026 18:55 PM,121.74,121.8,121.72,121.77,6187
09/11/2026 19:00 PM,121.77,121.8,121.749,121.79,3330
09/11/2026 19:05 PM,121.8,121.8,121.73,121.74,3544
09/11/2026 19:10 PM,121.74,121.85,121.74,121.799,4787
09/11/2026 19:15 PM,121.8,121.83,121.78,121.83,2422
09/11/2026 19:20 PM,121.843,121.93,121.83,121.93,4700
09/11/2026 19:25 PM,121.95,122,121.95,121.98,4376
09/11/2026 19:30 PM,121.98,122,121.941,121.95,6501
09/11/2026 19:35 PM,121.94,121.949,121.8,121.83,4719
09/11/2026 19:40 PM,121.85,121.92,121.85,121.92,3732
09/11/2026 19:45 PM,121.92,121.942,121.9,121.93,5791
09/11/2026 19:50 PM,121.931,122.15,121.931,122.15,8378
09/11/2026 19:55 PM,122.11,122.28,122.11,122.28,11498
09/14/2026 04:00 AM,108.95,108.95,106.88,106.88,167776
09/14/2026 04:05 AM,106.87,107.63,106.66,107.33,64101
09/14/2026 04:10 AM,107.35,107.4,106.94,107.18,72113
09/14/2026 04:15 AM,107.21,107.29,106.1,106.199,91400
09/14/2026 04:20 AM,106.2,106.6,105.83,105.95,74909
09/14/2026 04:25 AM,105.903,106.02,105.16,105.16,72416
09/14/2026 04:30 AM,105.198,105.96,105,105.611,88511
09/14/2026 04:35 AM,105.6,106.15,105.564,106.15,62784
09/14/2026 04:40 AM,106.147,106.198,105.77,105.82,26409
09/14/2026 04:45 AM,105.8,105.9,104.78,104.989,76638
09/14/2026 04:50 AM,104.971,105.62,104.95,105.11,44985
09/14/2026 04:55 AM,105.198,105.37,104.69,105.37,53952
09/14/2026 05:00 AM,105.39,105.63,105.25,105.535,63551
09/14/2026 05:05 AM,105.53,105.85,105.4,105.747,67563
09/14/2026 05:10 AM,105.71,105.85,104.71,104.868,208198
09/14/2026 05:15 AM,104.87,105,104.562,104.79,112250
09/14/2026 05:20 AM,104.79,104.99,104.01,104.09,77582
09/14/2026 05:25 AM,104.107,104.88,103.94,104.739,77502
09/14/2026 05:30 AM,104.62,104.94,104.6,104.83,121700
09/14/2026 05:35 AM,104.839,104.9,104.57,104.691,18844
09/14/2026 05:40 AM,104.69,105.15,104.66,104.8,29497
09/14/2026 05:45 AM,104.8,104.984,104.61,104.776,18989
09/14/2026 05:50 AM,104.76,104.86,104.49,104.82,38720
09/14/2026 05:55 AM,104.8,104.903,104.51,104.691,29873
09/14/2026 06:00 AM,104.68,104.8,104.54,104.733,14809
09/14/2026 06:05 AM,104.73,104.973,104.52,104.588,20472
09/14/2026 06:10 AM,104.588,105.15,104.51,105.01,34041
09/14/2026 06:15 AM,105.01,105.04,104.61,104.83,13896
09/14/2026 06:20 AM,104.89,105.7,104.84,105.67,23594
09/14/2026 06:25 AM,105.69,105.96,105.53,105.84,26134
09/14/2026 06:30 AM,105.87,106,105.52,105.73,30958
09/14/2026 06:35 AM,105.72,105.95,105.53,105.568,18249
09/14/2026 06:40 AM,105.55,105.89,105.3,105.74,33746
09/14/2026 06:45 AM,105.74,105.808,105.36,105.469,15718
09/14/2026 06:50 AM,105.42,105.474,104.9,104.95,33573
09/14/2026 06:55 AM,104.95,105.217,104.675,105.13,36739
09/14/2026 07:00 AM,105.16,105.25,104.66,104.83,159037
09/14/2026 07:05 AM,104.9,104.9,104.51,104.54,86946
09/14/2026 07:10 AM,104.539,104.6,104.11,104.5,116753
09/14/2026 07:15 AM,104.49,104.53,103.88,103.9,72741
09/14/2026 07:20 AM,103.899,104.25,103.75,104.24,106746
09/14/2026 07:25 AM,104.22,105,104.19,104.952,84277
09/14/2026 07:30 AM,105.03,105.05,104.47,104.59,55238
09/14/2026 07:35 AM,104.59,104.59,103.88,104.22,57139
09/14/2026 07:40 AM,104.27,104.27,103.63,103.74,61277
09/14/2026 07:45 AM,103.74,103.9,103.438,103.66,79105
09/14/2026 07:50 AM,103.65,103.67,102.62,102.78,317216
09/14/2026 07:55 AM,102.796,103.15,102.796,102.88,162164
09/14/2026 08:00 AM,102.87,102.89,101.81,102.07,260068
09/14/2026 08:05 AM,102.02,102.25,101.64,102.129,225225
09/14/2026 08:10 AM,102.1,102.27,101.65,101.92,116931
09/14/2026 08:15 AM,101.91,102.7,101.84,102.62,146269
09/14/2026 08:20 AM,102.67,102.855,102.19,102.34,100496
09/14/2026 08:25 AM,102.34,102.383,101.91,102.298,99565
09/14/2026 08:30 AM,102.298,102.94,102.1,102.46,65601
09/14/2026 08:35 AM,102.47,102.5,101.56,101.986,134419
09/14/2026 08:40 AM,101.94,102.67,101.72,102.549,108116
09/14/2026 08:45 AM,102.55,102.57,101.75,101.949,82412
09/14/2026 08:50 AM,101.903,101.95,101.18,101.239,142211
09/14/2026 08:55 AM,101.22,101.71,101.19,101.61,82498
09/14/2026 09:00 AM,101.599,101.61,100.79,101,191604
09/14/2026 09:05 AM,101.02,101.079,100.65,101.06,179610
09/14/2026 09:10 AM,101.038,102.08,100.95,101.97,196166
09/14/2026 09:15 AM,101.98,102.42,101.96,102.2,207164
09/14/2026 09:20 AM,102.17,102.56,102.11,102.256,93009
09/14/2026 09:25 AM,102.25,102.32,101.02,101.39,136394
09/14/2026 09:30 AM,101.53,102.27,100.13,100.21,1970671
09/14/2026 09:35 AM,100.2,100.73,100,100.085,1685474
09/14/2026 09:40 AM,100.1,102.33,99.87,102.22,2002417
09/14/2026 09:45 AM,102.22,104.972,102.07,104.651,2506887
09/14/2026 09:50 AM,104.66,104.83,102.3,102.809,1766980
09/14/2026 09:55 AM,102.81,103.422,102.11,102.46,1230396
09/14/2026 10:00 AM,102.4,103.59,102.31,102.795,910729
09/14/2026 10:05 AM,102.81,104.206,102.71,104.079,900377
09/14/2026 10:10 AM,104.075,105.336,104.075,104.4,1143193
09/14/2026 10:15 AM,104.45,104.95,103.64,104.265,652379
09/14/2026 10:20 AM,104.248,104.33,102.86,103.571,628216
09/14/2026 10:25 AM,103.56,103.874,102.785,103.111,445019
09/14/2026 10:30 AM,103.114,103.554,102.58,103.155,457275
09/14/2026 10:35 AM,103.14,103.14,101.3,101.67,1010592
09/14/2026 10:40 AM,101.67,102.08,101.4,102.005,581657
09/14/2026 10:45 AM,102.005,102.45,101.37,101.605,451406
09/14/2026 10:50 AM,101.619,101.7,100.69,100.807,806176
09/14/2026 10:55 AM,100.808,101.32,100.69,101.14,445216
09/14/2026 11:00 AM,101.145,101.54,100.52,100.6,569901
09/14/2026 11:05 AM,100.57,102.47,100.54,100.74,907412
09/14/2026 11:10 AM,100.73,100.98,100.43,100.449,435224
09/14/2026 11:15 AM,100.455,101.57,100.38,101.36,563705
09/14/2026 11:20 AM,101.37,101.86,101.105,101.76,295028
09/14/2026 11:25 AM,101.76,102.293,101.67,102.075,460922
09/14/2026 11:30 AM,102.05,103.88,102.019,103.674,630149
09/14/2026 11:35 AM,103.68,103.92,103.12,103.655,503945
09/14/2026 11:40 AM,103.66,104.46,103.53,104.04,742719
09/14/2026 11:45 AM,104.03,104.08,103.18,103.23,379419
09/14/2026 11:50 AM,103.225,103.55,102.95,103.283,270301
09/14/2026 11:55 AM,103.247,103.454,103,103.266,186484
09/14/2026 12:00 PM,103.22,103.3,102.31,102.336,295086
09/14/2026 12:05 PM,102.336,102.52,101.78,101.815,396536
09/14/2026 12:10 PM,101.82,102.32,101.79,102.13,195144
09/14/2026 12:15 PM,102.12,103.85,102.12,103.68,536818
09/14/2026 12:20 PM,103.655,103.99,103.13,103.735,353560
09/14/2026 12:25 PM,103.75,103.82,103.091,103.22,182697
09/14/2026 12:30 PM,103.23,103.31,102.87,103.005,186060
09/14/2026 12:35 PM,103.008,103.18,102.7,103.04,249164
09/14/2026 12:40 PM,103.03,103.77,102.718,103.765,278092
09/14/2026 12:45 PM,103.768,104.7,103.5,104.19,457802
09/14/2026 12:50 PM,104.17,104.59,103.9,103.93,288860
09/14/2026 12:55 PM,103.973,104.2,103.62,103.995,179946
09/14/2026 13:00 PM,103.98,104.24,103.6,103.87,185603
09/14/2026 13:05 PM,103.89,104.07,103.703,103.922,114769
09/14/2026 13:10 PM,103.96,104.465,103.91,103.94,278638
09/14/2026 13:15 PM,103.95,104.03,103.27,103.56,233802
09/14/2026 13:20 PM,103.575,103.88,103.546,103.785,129369
09/14/2026 13:25 PM,103.78,103.9,103.44,103.885,162553
09/14/2026 13:30 PM,103.885,103.92,103.56,103.67,126505
09/14/2026 13:35 PM,103.69,103.8,103.4,103.78,129373
09/14/2026 13:40 PM,103.785,103.853,103.61,103.84,135097
09/14/2026 13:45 PM,103.86,104.16,103.86,104.02,183276
09/14/2026 13:50 PM,104.01,104.33,103.95,104.226,253355
09/14/2026 13:55 PM,104.21,104.52,104.175,104.225,182859
09/14/2026 14:00 PM,104.265,104.74,104.02,104.17,267095
09/14/2026 14:05 PM,104.17,104.4,104.01,104.28,146975
09/14/2026 14:10 PM,104.29,104.42,104.08,104.394,141981
09/14/2026 14:15 PM,104.4,104.6,104.3,104.5,175457
09/14/2026 14:20 PM,104.48,104.68,104.165,104.37,150846
09/14/2026 14:25 PM,104.38,104.45,103.94,104.083,215934
09/14/2026 14:30 PM,104.08,104.46,104.051,104.4,183003
09/14/2026 14:35 PM,104.38,104.56,104.35,104.48,203081
09/14/2026 14:40 PM,104.485,104.91,104.34,104.776,378531
09/14/2026 14:45 PM,104.78,104.906,104.44,104.789,307187
09/14/2026 14:50 PM,104.78,105.065,104.68,105.01,309670
09/14/2026 14:55 PM,105.005,105.18,104.85,105.12,296695
09/14/2026 15:00 PM,105.135,105.39,105.07,105.175,466168
09/14/2026 15:05 PM,105.16,105.3,104.31,104.655,455340
09/14/2026 15:10 PM,104.66,104.77,103.83,104.03,435412
09/14/2026 15:15 PM,104.029,104.06,103.66,103.995,371582
09/14/2026 15:20 PM,103.995,104.09,103.54,103.83,340639
09/14/2026 15:25 PM,103.82,104,103.565,103.57,453061
09/14/2026 15:30 PM,103.573,103.84,102.695,102.93,1587621
09/14/2026 15:35 PM,102.93,102.96,102.18,102.31,596066
09/14/2026 15:40 PM,102.306,102.71,102.262,102.576,469844
09/14/2026 15:45 PM,102.578,102.77,102.25,102.67,644551
09/14/2026 15:50 PM,102.665,102.67,101.68,102.215,1513722
09/14/2026 15:55 PM,102.21,102.21,101.1,101.13,2260595
09/14/2026 16:00 PM,101.13,101.39,101.03,101.239,137979
09/14/2026 16:05 PM,101.24,101.73,101.23,101.6,70281
09/14/2026 16:10 PM,101.61,101.8,101.6,101.78,29743
09/14/2026 16:15 PM,101.77,101.9,101.72,101.84,52330
09/14/2026 16:20 PM,101.84,102.09,101.84,102.08,46764
09/14/2026 16:25 PM,102.09,102.16,102,102.12,65402
09/14/2026 16:30 PM,102.12,102.4,102.1,102.341,38191
09/14/2026 16:35 PM,102.35,102.47,102.31,102.47,77480
09/14/2026 16:40 PM,102.45,102.57,102.441,102.55,46702
09/14/2026 16:45 PM,102.55,102.55,102.201,102.42,43608
09/14/2026 16:50 PM,102.42,102.532,102.41,102.46,28222
09/14/2026 16:55 PM,102.469,102.47,102.3,102.4,41089
09/14/2026 17:00 PM,102.395,102.48,102.3,102.46,16758
09/14/2026 17:05 PM,102.46,102.47,102.35,102.37,17700
09/14/2026 17:10 PM,102.37,102.43,102.34,102.36,12027
09/14/2026 17:15 PM,102.37,102.5,102.35,102.49,24125
09/14/2026 17:20 PM,102.489,102.6,102.45,102.59,20335
09/14/2026 17:25 PM,102.557,102.68,102.55,102.675,20944
09/14/2026 17:30 PM,102.67,102.68,102.67,102.68,33872
09/14/2026 17:35 PM,102.679,102.68,102.55,102.6,14846
09/14/2026 17:40 PM,102.58,102.8,102.58,102.73,23377
09/14/2026 17:45 PM,102.72,102.73,102.68,102.712,9555
09/14/2026 17:50 PM,102.711,102.8,102.7,102.8,17979
09/14/2026 17:55 PM,102.81,102.85,102.7,102.77,22571
09/14/2026 18:00 PM,102.8,102.88,102.77,102.86,22555
09/14/2026 18:05 PM,102.877,102.88,102.75,102.759,12341
09/14/2026 18:10 PM,102.75,102.78,102.7,102.78,16698
09/14/2026 18:15 PM,102.78,102.88,102.73,102.75,15762
09/14/2026 18:20 PM,102.75,102.8,102.73,102.78,10013
09/14/2026 18:25 PM,102.78,102.8,102.7,102.71,13461
09/14/2026 18:30 PM,102.7,102.74,102.34,102.35,24662
09/14/2026 18:35 PM,102.376,102.55,102.345,102.55,16782
09/14/2026 18:40 PM,102.57,102.59,102.5,102.509,9882
09/14/2026 18:45 PM,102.51,102.73,102.5,102.685,14558
09/14/2026 18:50 PM,102.69,102.79,102.68,102.75,18294
09/14/2026 18:55 PM,102.76,102.84,102.755,102.83,9208
09/14/2026 19:00 PM,102.84,102.84,102.54,102.64,16053
09/14/2026 19:05 PM,102.64,102.88,102.64,102.88,23482
09/14/2026 19:10 PM,102.86,103,102.85,102.95,42053
09/14/2026 19:15 PM,102.95,102.98,102.9,102.9,13292
09/14/2026 19:20 PM,102.9,102.95,102.9,102.929,7398
09/14/2026 19:25 PM,102.92,102.92,102.84,102.84,17904
09/14/2026 19:30 PM,102.85,102.88,102.84,102.88,9286
09/14/2026 19:35 PM,102.875,103,102.87,102.97,19452
09/14/2026 19:40 PM,102.99,103.08,102.98,103.06,23583
09/14/2026 19:45 PM,103.06,103.06,103,103.02,13386
09/14/2026 19:50 PM,103.03,103.03,102.7,102.75,22706
09/14/2026 19:55 PM,102.72,102.85,102.71,102.81,32472
09/15/2026 04:00 AM,101.38,101.79,100.69,100.92,40796
09/15/2026 04:05 AM,100.92,101,100.082,100.101,36238
09/15/2026 04:10 AM,100.09,100.71,100.01,100.64,36130
09/15/2026 04:15 AM,100.64,101.11,100.62,101.014,19530
09/15/2026 04:20 AM,101.07,101.266,101,101.05,59958
09/15/2026 04:25 AM,101.02,101.09,100.56,100.81,12644
09/15/2026 04:30 AM,100.8,100.94,100.56,100.6,6665
09/15/2026 04:35 AM,100.572,100.99,100.56,100.89,11703
09/15/2026 04:40 AM,100.888,101.18,100.716,100.95,9423
09/15/2026 04:45 AM,100.96,100.97,100.89,100.946,4513
09/15/2026 04:50 AM,100.95,101.094,100.937,100.949,6732
09/15/2026 04:55 AM,100.93,101.16,100.51,100.69,95863
09/15/2026 05:00 AM,100.652,100.71,100.299,100.55,17061
09/15/2026 05:05 AM,100.58,100.91,100.5,100.52,5689
09/15/2026 05:10 AM,100.54,100.75,100.4,100.613,5498
09/15/2026 05:15 AM,100.52,100.7,100.39,100.415,11241
09/15/2026 05:20 AM,100.43,100.88,100.4,100.604,4884
09/15/2026 05:25 AM,100.55,100.9,100.54,100.83,8796
09/15/2026 05:30 AM,100.84,100.9,100.7,100.9,9343
09/15/2026 05:35 AM,100.92,101.22,100.88,101.217,12352
09/15/2026 05:40 AM,101.2,101.377,101.179,101.33,9542
09/15/2026 05:45 AM,101.33,102.1,101.328,102.091,55479
09/15/2026 05:50 AM,102.1,102.66,102.08,102.62,152890
09/15/2026 05:55 AM,102.61,102.66,102.14,102.2,29919
09/15/2026 06:00 AM,102.25,102.55,102.22,102.297,11884
09/15/2026 06:05 AM,102.297,102.547,102.264,102.49,9806
09/15/2026 06:10 AM,102.498,102.96,102.49,102.72,16426
09/15/2026 06:15 AM,102.741,102.89,102.63,102.884,16184
09/15/2026 06:20 AM,102.893,103.08,102.6,102.87,14297
09/15/2026 06:25 AM,102.905,103,102.72,102.984,6388
09/15/2026 06:30 AM,102.92,103.24,102.92,103.1,11412
09/15/2026 06:35 AM,103.09,103.24,103.054,103.153,10244
09/15/2026 06:40 AM,103.15,103.15,102.66,102.845,14192
09/15/2026 06:45 AM,102.85,102.94,102.624,102.86,5541
09/15/2026 06:50 AM,102.935,103.15,102.85,103.098,11315
09/15/2026 06:55 AM,103.098,103.4,103.07,103.39,17872
09/15/2026 07:00 AM,103.345,104.03,103.29,103.8,76949
09/15/2026 07:05 AM,103.83,104.37,103.7,104.34,62456
09/15/2026 07:10 AM,104.35,104.5,104.34,104.451,98180
09/15/2026 07:15 AM,104.46,104.46,103.91,104.21,92250
09/15/2026 07:20 AM,104.21,104.231,103.78,103.89,35714
09/15/2026 07:25 AM,103.887,103.949,103.595,103.87,33727
09/15/2026 07:30 AM,103.855,103.855,103.35,103.575,33276
09/15/2026 07:35 AM,103.61,103.84,103.6,103.65,37003
09/15/2026 07:40 AM,103.637,103.85,103.44,103.81,20946
09/15/2026 07:45 AM,103.8,104.031,103.74,103.77,25792
09/15/2026 07:50 AM,103.775,104.21,103.74,103.883,34371
09/15/2026 07:55 AM,103.86,104.145,103.85,103.98,21404
09/15/2026 08:00 AM,103.96,104.061,103.551,103.85,51268
09/15/2026 08:05 AM,103.904,104.08,103.8,104.039,17423
09/15/2026 08:10 AM,104.05,104.41,104.04,104.29,47042
09/15/2026 08:15 AM,104.27,104.4,104.1,104.32,79833
09/15/2026 08:20 AM,104.273,104.311,103.8,103.92,38932
09/15/2026 08:25 AM,103.93,104.28,103.91,104.1,19769
09/15/2026 08:30 AM,104.072,104.15,103.72,104.12,48601
09/15/2026 08:35 AM,104.12,104.15,103.92,104.06,29312
09/15/2026 08:40 AM,104.075,104.24,103.91,104.07,27884
09/15/2026 08:45 AM,104.05,104.73,103.99,104.7,83309
09/15/2026 08:50 AM,104.7,104.96,104.54,104.95,88067
09/15/2026 08:55 AM,104.96,105.138,104.262,104.385,100385
09/15/2026 09:00 AM,104.4,104.5,104.02,104.334,49614
09/15/2026 09:05 AM,104.331,104.36,104.1,104.26,25195
09/15/2026 09:10 AM,104.26,104.4,104.1,104.138,35127
09/15/2026 09:15 AM,104.14,104.22,103.61,103.74,74056
09/15/2026 09:20 AM,103.739,103.78,103.32,103.36,89079
09/15/2026 09:25 AM,103.36,104.5,103.36,104.5,115995
09/15/2026 09:30 AM,104.55,105.74,103.54,104.85,1197407
09/15/2026 09:35 AM,104.835,105,103.26,103.46,943117
09/15/2026 09:40 AM,103.465,104.59,103.11,104.38,833890
09/15/2026 09:45 AM,104.36,105.11,104.15,104.67,706625
09/15/2026 09:50 AM,104.66,105.45,104.34,105.275,645011
09/15/2026 09:55 AM,105.287,105.63,105.02,105.195,600293
09/15/2026 10:00 AM,105.18,105.94,105.05,105.37,653965
09/15/2026 10:05 AM,105.34,105.89,105.08,105.2,402650
09/15/2026 10:10 AM,105.21,105.22,104,104.285,747805
09/15/2026 10:15 AM,104.31,104.81,104.202,104.665,434210
09/15/2026 10:20 AM,104.66,104.77,103.58,104.3,584181
09/15/2026 10:25 AM,104.275,104.46,104,104.22,340418
09/15/2026 10:30 AM,104.22,104.684,103.75,103.828,434676
09/15/2026 10:35 AM,103.824,103.91,102.965,103.165,643422
09/15/2026 10:40 AM,103.17,103.55,102.69,103.54,733688
09/15/2026 10:45 AM,103.54,104.01,102.96,102.96,693880
09/15/2026 10:50 AM,102.931,102.96,101.76,102.424,910657
09/15/2026 10:55 AM,102.407,102.6,102.04,102.337,378653
09/15/2026 11:00 AM,102.33,102.97,102.16,102.951,447864
09/15/2026 11:05 AM,102.97,103.066,102.35,102.444,427897
09/15/2026 11:10 AM,102.455,102.6,101.9,102.36,395859
09/15/2026 11:15 AM,102.388,102.74,102.32,102.583,317648
09/15/2026 11:20 AM,102.59,103.04,102.38,102.746,298088
09/15/2026 11:25 AM,102.75,103.45,102.72,103.243,488261
09/15/2026 11:30 AM,103.23,103.257,102.57,102.86,279934
09/15/2026 11:35 AM,102.85,102.98,102.56,102.565,221609
09/15/2026 11:40 AM,102.56,102.814,102.48,102.58,197128
09/15/2026 11:45 AM,102.589,102.635,102.131,102.27,244380
09/15/2026 11:50 AM,102.25,102.913,102.24,102.35,214796
09/15/2026 11:55 AM,102.315,102.57,101.55,101.565,566105
09/15/2026 12:00 PM,101.565,102.09,101.55,101.81,419695
09/15/2026 12:05 PM,101.808,101.937,101.25,101.33,276459
09/15/2026 12:10 PM,101.327,101.41,101.1,101.25,439127
09/15/2026 12:15 PM,101.255,101.8,101.21,101.78,242827
09/15/2026 12:20 PM,101.76,102.17,101.73,102.05,350848
09/15/2026 12:25 PM,102.045,102.14,101.751,101.85,168620
09/15/2026 12:30 PM,101.85,101.85,101.33,101.52,225192
09/15/2026 12:35 PM,101.519,101.66,101.33,101.493,267017
09/15/2026 12:40 PM,101.49,101.79,101.45,101.723,148371
09/15/2026 12:45 PM,101.725,101.96,101.45,101.656,143287
09/15/2026 12:50 PM,101.66,102.04,101.625,101.94,143338
09/15/2026 12:55 PM,101.93,101.98,101.41,101.505,145040
09/15/2026 13:00 PM,101.51,101.63,101.145,101.15,177344
09/15/2026 13:05 PM,101.142,101.365,100.96,101.151,414785
09/15/2026 13:10 PM,101.19,101.46,101.18,101.265,134348
09/15/2026 13:15 PM,101.26,101.54,101.25,101.54,122032
09/15/2026 13:20 PM,101.55,101.68,101.31,101.311,127139
09/15/2026 13:25 PM,101.323,101.68,101.31,101.68,88709
09/15/2026 13:30 PM,101.66,101.86,101.55,101.555,160236
09/15/2026 13:35 PM,101.55,101.7,101.37,101.43,107666
09/15/2026 13:40 PM,101.41,101.488,101.08,101.31,188421
09/15/2026 13:45 PM,101.3,101.48,101.27,101.4,101945
09/15/2026 13:50 PM,101.382,101.84,101.35,101.805,114875
09/15/2026 13:55 PM,101.805,102.03,101.72,101.995,221714
09/15/2026 14:00 PM,102.005,102.16,101.8,102.08,250531
09/15/2026 14:05 PM,102.08,102.35,101.94,102.28,184357
09/15/2026 14:10 PM,102.28,102.29,101.98,102.02,275576
09/15/2026 14:15 PM,102.03,102.11,101.76,101.84,150783
09/15/2026 14:20 PM,101.845,102.11,101.835,102.044,93859
09/15/2026 14:25 PM,102.04,102.305,102.03,102.175,85265
09/15/2026 14:30 PM,102.155,102.17,101.72,101.755,129449
09/15/2026 14:35 PM,101.775,101.88,101.38,101.674,183387
09/15/2026 14:40 PM,101.66,101.78,101.37,101.51,161247
09/15/2026 14:45 PM,101.51,101.55,101.24,101.33,154049
09/15/2026 14:50 PM,101.335,101.59,101.283,101.586,182866
09/15/2026 14:55 PM,101.58,101.8,101.51,101.77,136219
09/15/2026 15:00 PM,101.77,101.966,101.62,101.795,179351
09/15/2026 15:05 PM,101.79,102.09,101.744,102.06,100731
09/15/2026 15:10 PM,102.055,102.14,101.78,101.82,118809
09/15/2026 15:15 PM,101.83,102.1,101.762,102.092,131958
09/15/2026 15:20 PM,102.09,102.09,101.84,101.86,98803
09/15/2026 15:25 PM,101.855,102.309,101.84,102.085,300474
09/15/2026 15:30 PM,102.085,102.22,101.86,101.985,442258
09/15/2026 15:35 PM,101.98,102.1,101.86,102.045,527009
09/15/2026 15:40 PM,102.049,102.399,102.02,102.25,207709
09/15/2026 15:45 PM,102.23,102.54,102.04,102.12,269511
09/15/2026 15:50 PM,102.11,102.16,102.01,102.125,539875
09/15/2026 15:55 PM,102.13,102.35,102,102.32,703796
09/15/2026 16:00 PM,102.3,102.69,102.21,102.351,35816
09/15/2026 16:05 PM,102.35,102.38,102.3,102.34,26501
09/15/2026 16:10 PM,102.34,102.59,102.32,102.55,42765
09/15/2026 16:15 PM,102.55,102.66,102.51,102.585,21190
09/15/2026 16:20 PM,102.58,102.625,102.58,102.581,20226
09/15/2026 16:25 PM,102.59,102.59,102.418,102.48,19158
09/15/2026 16:30 PM,102.48,102.57,102.46,102.54,9002
09/15/2026 16:35 PM,102.53,102.62,102.53,102.61,27565
09/15/2026 16:40 PM,102.61,102.7,102.61,102.681,27688
09/15/2026 16:45 PM,102.68,102.73,102.68,102.696,9802
09/15/2026 16:50 PM,102.71,102.73,102.63,102.72,28611
09/15/2026 16:55 PM,102.73,102.86,102.721,102.73,27369
09/15/2026 17:00 PM,102.72,102.78,102.68,102.713,11358
09/15/2026 17:05 PM,102.72,102.75,102.71,102.75,4482
09/15/2026 17:10 PM,102.75,102.75,102.65,102.69,3613
09/15/2026 17:15 PM,102.7,102.7,102.668,102.69,5082
09/15/2026 17:20 PM,102.7,102.7,102.53,102.57,8340
09/15/2026 17:25 PM,102.57,102.61,102.55,102.581,5164
09/15/2026 17:30 PM,102.59,102.59,102.58,102.59,2044
09/15/2026 17:35 PM,102.589,102.59,102.45,102.46,5441
09/15/2026 17:40 PM,102.459,102.5,102.45,102.48,2430
09/15/2026 17:45 PM,102.48,102.5,102.48,102.499,6377
09/15/2026 17:50 PM,102.497,102.5,102.48,102.499,1493
09/15/2026 17:55 PM,102.498,102.6,102.498,102.51,8201
09/15/2026 18:00 PM,102.51,102.65,102.51,102.6,15570
09/15/2026 18:05 PM,102.6,102.629,102.551,102.57,13191
09/15/2026 18:10 PM,102.57,102.57,102.5,102.51,3013
09/15/2026 18:15 PM,102.503,102.53,102.5,102.52,6755
09/15/2026 18:20 PM,102.5,102.62,102.5,102.61,11049
09/15/2026 18:25 PM,102.62,102.63,102.56,102.57,11228
09/15/2026 18:30 PM,102.561,102.61,102.56,102.61,3446
09/15/2026 18:35 PM,102.61,102.74,102.59,102.7,42633
09/15/2026 18:40 PM,102.71,102.73,102.7,102.71,6866
09/15/2026 18:45 PM,102.71,102.73,102.65,102.68,5285
09/15/2026 18:50 PM,102.65,102.72,102.65,102.71,8061
09/15/2026 18:55 PM,102.72,102.73,102.618,102.618,10699
09/15/2026 19:00 PM,102.61,102.7,102.608,102.65,8206
09/15/2026 19:05 PM,102.65,102.65,102.55,102.559,8957
09/15/2026 19:10 PM,102.56,102.58,102.53,102.565,8604
09/15/2026 19:15 PM,102.57,102.57,102.52,102.52,2956
09/15/2026 19:20 PM,102.52,102.53,102.5,102.5,4862
09/15/2026 19:25 PM,102.501,102.52,102.5,102.517,8877
09/15/2026 19:30 PM,102.52,102.53,102.51,102.521,3009
09/15/2026 19:35 PM,102.52,102.57,102.51,102.565,4397
09/15/2026 19:40 PM,102.56,102.59,102.56,102.584,13812
09/15/2026 19:45 PM,102.587,102.587,102.5,102.513,4358
09/15/2026 19:50 PM,102.52,102.52,102.45,102.5,10636
09/15/2026 19:55 PM,102.5,102.5,102.45,102.451,15143
09/16/2026 04:00 AM,106.4,107.08,106.17,106.286,73883
09/16/2026 04:05 AM,106.263,106.63,105.93,106.174,30321
09/16/2026 04:10 AM,106.17,106.22,105.77,106.08,22785
09/16/2026 04:15 AM,106.072,106.69,106.072,106.47,16746
09/16/2026 04:20 AM,106.41,106.58,106.047,106.153,13209
09/16/2026 04:25 AM,106.197,106.21,106,106.21,9715
09/16/2026 04:30 AM,106.21,106.49,106.05,106.223,8193
09/16/2026 04:35 AM,106.24,106.32,105.8,105.801,15414
09/16/2026 04:40 AM,105.8,106.122,105.68,106.05,8846
09/16/2026 04:45 AM,106.03,106.11,105.87,105.954,10162
09/16/2026 04:50 AM,105.954,106.36,105.92,106.36,12150
09/16/2026 04:55 AM,106.31,106.46,106.2,106.46,9989
09/16/2026 05:00 AM,106.46,106.6,106.34,106.434,11166
09/16/2026 05:05 AM,106.462,106.54,106.217,106.33,6213
09/16/2026 05:10 AM,106.35,106.47,106.073,106.14,10843
09/16/2026 05:15 AM,106.143,106.234,105.9,105.911,8972
09/16/2026 05:20 AM,105.95,106.23,105.89,106.22,7867
09/16/2026 05:25 AM,106.22,106.796,106.19,106.46,11261
09/16/2026 05:30 AM,106.47,106.625,106.43,106.562,6843
09/16/2026 05:35 AM,106.59,106.65,106.512,106.63,11314
09/16/2026 05:40 AM,106.627,106.95,106.59,106.81,16229
09/16/2026 05:45 AM,106.838,106.9,106.6,106.75,10008
09/16/2026 05:50 AM,106.754,106.867,106.653,106.84,4024
09/16/2026 05:55 AM,106.87,106.97,106.74,106.74,8316
09/16/2026 06:00 AM,106.75,106.8,106.25,106.25,16053
09/16/2026 06:05 AM,106.23,106.57,106.153,106.54,17381
09/16/2026 06:10 AM,106.6,106.6,106.204,106.36,7781
09/16/2026 06:15 AM,106.355,106.41,106.14,106.35,6428
09/16/2026 06:20 AM,106.34,106.47,106.195,106.218,4057
09/16/2026 06:25 AM,106.2,106.36,106.2,106.32,3949
09/16/2026 06:30 AM,106.3,106.454,106.3,106.35,7582
09/16/2026 06:35 AM,106.35,106.5,106.33,106.5,7015
09/16/2026 06:40 AM,106.5,106.5,106.37,106.485,4248
09/16/2026 06:45 AM,106.45,106.47,106.34,106.407,7244
09/16/2026 06:50 AM,106.376,106.41,106.18,106.25,4836
09/16/2026 06:55 AM,106.25,106.72,106.22,106.64,12004
09/16/2026 07:00 AM,106.63,106.99,106.379,106.586,101576
09/16/2026 07:05 AM,106.52,106.57,106.162,106.44,51185
09/16/2026 07:10 AM,106.341,106.45,105.96,105.98,23085
09/16/2026 07:15 AM,105.953,106.2,105.77,106.16,76850
09/16/2026 07:20 AM,106.17,106.25,106.03,106.22,45160
09/16/2026 07:25 AM,106.22,106.58,106.189,106.469,31217
09/16/2026 07:30 AM,106.46,106.7,106.38,106.551,47359
09/16/2026 07:35 AM,106.597,106.73,106.45,106.7,26336
09/16/2026 07:40 AM,106.7,107.07,106.5,107.029,68425
09/16/2026 07:45 AM,107.05,107.17,106.919,106.96,74481
09/16/2026 07:50 AM,106.96,107.06,106.83,106.91,29558
09/16/2026 07:55 AM,106.89,106.93,106.613,106.9,28482
09/16/2026 08:00 AM,106.84,107.28,106.76,107.012,65125
09/16/2026 08:05 AM,107.071,107.27,106.91,107.24,35965
09/16/2026 08:10 AM,107.24,107.25,107.06,107.15,34088
09/16/2026 08:15 AM,107.147,107.43,107.06,107.4,47957
09/16/2026 08:20 AM,107.399,107.51,107.26,107.26,63816
09/16/2026 08:25 AM,107.31,107.45,107.23,107.28,36101
09/16/2026 08:30 AM,107.3,107.34,106.96,107.148,42405
09/16/2026 08:35 AM,107.12,107.2,106.3,106.65,58875
09/16/2026 08:40 AM,106.7,106.75,106.41,106.45,35244
09/16/2026 08:45 AM,106.44,106.94,106.3,106.9,45363
09/16/2026 08:50 AM,106.925,107.047,106.539,106.539,35844
09/16/2026 08:55 AM,106.539,106.98,106.484,106.965,27725
09/16/2026 09:00 AM,106.83,107.03,106.3,106.3,34843
09/16/2026 09:05 AM,106.32,106.66,106.27,106.63,23078
09/16/2026 09:10 AM,106.62,106.85,106.514,106.759,19760
09/16/2026 09:15 AM,106.81,106.849,106.61,106.69,22594
09/16/2026 09:20 AM,106.72,107.17,106.638,107.01,43525
09/16/2026 09:25 AM,107.02,107.46,107.02,107.448,110305
09/16/2026 09:30 AM,107.44,107.75,106.25,107.189,984315
09/16/2026 09:35 AM,107.21,107.69,106.58,107.11,850375
09/16/2026 09:40 AM,107.118,107.42,106.75,107,519304
09/16/2026 09:45 AM,107.01,108.34,106.99,108.19,890564
09/16/2026 09:50 AM,108.2,108.33,107.687,107.917,466555
09/16/2026 09:55 AM,107.928,108.78,107.86,108.75,697479
09/16/2026 10:00 AM,108.73,108.93,107.724,107.914,610141
09/16/2026 10:05 AM,107.92,108.47,107.412,108.045,705518
09/16/2026 10:10 AM,108.045,108.38,107.5,107.97,505102
09/16/2026 10:15 AM,107.97,108.49,107.855,108.23,317375
09/16/2026 10:20 AM,108.22,108.49,108.14,108.3,238501
09/16/2026 10:25 AM,108.319,108.375,107.91,108.19,214118
09/16/2026 10:30 AM,108.2,108.242,107.72,107.74,161218
09/16/2026 10:35 AM,107.75,107.81,107.3,107.615,308959
09/16/2026 10:40 AM,107.6,107.76,107.35,107.71,194794
09/16/2026 10:45 AM,107.69,107.813,107.34,107.535,151076
09/16/2026 10:50 AM,107.56,107.85,107.36,107.69,185499
09/16/2026 10:55 AM,107.73,108.25,107.5,108.22,215571
09/16/2026 11:00 AM,108.23,108.336,107.97,108.04,255029
09/16/2026 11:05 AM,108.035,108.675,107.79,108.4,277944
09/16/2026 11:10 AM,108.423,108.51,108,108.279,219541
09/16/2026 11:15 AM,108.29,108.298,107.665,107.9,151182
09/16/2026 11:20 AM,107.91,108.5,107.797,108.483,204831
09/16/2026 11:25 AM,108.49,108.92,108.39,108.435,348323
09/16/2026 11:30 AM,108.45,108.5,108.12,108.227,151793
09/16/2026 11:35 AM,108.29,108.45,108.17,108.22,132640
09/16/2026 11:40 AM,108.23,108.326,107.97,108.22,132768
09/16/2026 11:45 AM,108.25,109.32,108.12,108.82,337122
09/16/2026 11:50 AM,108.83,108.96,108.3,108.305,164279
09/16/2026 11:55 AM,108.32,108.43,108.122,108.16,146036
09/16/2026 12:00 PM,108.18,108.23,107.908,107.94,147053
09/16/2026 12:05 PM,107.94,108.25,107.9,108.096,135203
09/16/2026 12:10 PM,108.1,108.28,107.98,108.275,108231
09/16/2026 12:15 PM,108.27,108.44,108.22,108.37,139266
09/16/2026 12:20 PM,108.34,108.36,107.96,107.986,138867
09/16/2026 12:25 PM,108,108.236,107.965,108.165,89510
09/16/2026 12:30 PM,108.17,108.26,107.75,107.79,150404
09/16/2026 12:35 PM,107.795,107.96,107.691,107.78,132851
09/16/2026 12:40 PM,107.78,107.84,107.65,107.653,118805
09/16/2026 12:45 PM,107.665,108.15,107.662,108,164268
09/16/2026 12:50 PM,107.98,108.11,107.75,107.92,93193
09/16/2026 12:55 PM,107.92,107.968,107.794,107.83,70751
09/16/2026 13:00 PM,107.85,107.86,107.32,107.42,202750
09/16/2026 13:05 PM,107.44,107.501,107.33,107.493,127313
09/16/2026 13:10 PM,107.5,107.67,107.39,107.63,203694
09/16/2026 13:15 PM,107.63,107.7,107.4,107.49,126779
09/16/2026 13:20 PM,107.5,107.54,107.04,107.095,248532
09/16/2026 13:25 PM,107.1,107.242,107.02,107.17,165603
09/16/2026 13:30 PM,107.19,107.31,106.87,106.956,249512
09/16/2026 13:35 PM,106.98,107.1,106.87,106.9,117753
09/16/2026 13:40 PM,106.89,106.902,106.57,106.63,271492
09/16/2026 13:45 PM,106.63,107.02,106.63,106.94,221824
09/16/2026 13:50 PM,106.95,107.47,106.784,107.442,236836
09/16/2026 13:55 PM,107.43,108.29,107.42,108.23,379915
09/16/2026 14:00 PM,108.27,109.04,106.27,108.4,1142873
09/16/2026 14:05 PM,108.4,108.77,107.85,107.915,802115
09/16/2026 14:10 PM,107.98,108.12,107.32,107.52,377801
09/16/2026 14:15 PM,107.535,107.57,106.84,107.02,321776
09/16/2026 14:20 PM,107,107.35,106.73,106.871,316072
09/16/2026 14:25 PM,106.87,106.96,105.75,106.776,603914
09/16/2026 14:30 PM,106.757,107.1,105.57,105.877,480836
09/16/2026 14:35 PM,105.81,106.35,104.7,105.98,875633
09/16/2026 14:40 PM,106.04,107.13,105.7,106.02,865347
09/16/2026 14:45 PM,106.01,106.64,104.9,105.04,702194
09/16/2026 14:50 PM,105.052,105.418,103.78,103.834,817188
09/16/2026 14:55 PM,103.83,104.31,102.66,103.24,1102249
09/16/2026 15:00 PM,103.24,104.13,103.08,103.39,849190
09/16/2026 15:05 PM,103.37,103.39,101.58,102.075,1183092
09/16/2026 15:10 PM,102.085,102.2,101.05,101.587,939758
09/16/2026 15:15 PM,101.61,102.2,101.26,101.698,559829
09/16/2026 15:20 PM,101.685,102.03,101.21,101.719,559689
09/16/2026 15:25 PM,101.73,102.47,101.12,102.39,698942
09/16/2026 15:30 PM,102.39,103.19,102.21,103.17,1411244
09/16/2026 15:35 PM,103.16,103.26,102.45,103.14,755256
09/16/2026 15:40 PM,103.16,103.42,102.52,102.885,643003
09/16/2026 15:45 PM,102.895,103.76,102.855,103.435,837731
09/16/2026 15:50 PM,103.44,103.966,103.06,103.296,871045
09/16/2026 15:55 PM,103.29,104.22,103.04,103.97,1245604
09/16/2026 16:00 PM,104.04,104.17,103.84,103.97,74123
09/16/2026 16:05 PM,103.964,104.158,103.87,103.93,68727
09/16/2026 16:10 PM,103.931,103.97,103.75,103.92,29890
09/16/2026 16:15 PM,103.94,104.09,103.89,104,25243
09/16/2026 16:20 PM,103.972,104.12,103.93,104.019,18433
09/16/2026 16:25 PM,104.001,104.03,103.8,103.91,18019
09/16/2026 16:30 PM,103.92,104,103.86,103.98,21301
09/16/2026 16:35 PM,104.03,104.15,103.89,104.06,18709
09/16/2026 16:40 PM,104.1,104.24,104.07,104.18,35797
09/16/2026 16:45 PM,104.19,104.28,104.11,104.25,16893
09/16/2026 16:50 PM,104.231,104.62,104.231,104.55,31378
09/16/2026 16:55 PM,104.55,104.59,104.4,104.45,20971
09/16/2026 17:00 PM,104.45,104.45,104.25,104.26,20842
09/16/2026 17:05 PM,104.26,104.369,104.2,104.33,15607
09/16/2026 17:10 PM,104.339,104.339,104.25,104.29,17621
09/16/2026 17:15 PM,104.29,104.3,104.2,104.21,25400
09/16/2026 17:20 PM,104.2,104.23,104.12,104.157,24162
09/16/2026 17:25 PM,104.145,104.18,104.11,104.139,14230
09/16/2026 17:30 PM,104.13,104.45,104.1,104.45,39239
09/16/2026 17:35 PM,104.46,104.6,104.42,104.595,18889
09/16/2026 17:40 PM,104.6,104.89,104.59,104.89,28290
09/16/2026 17:45 PM,104.9,105.01,104.85,104.87,42960
09/16/2026 17:50 PM,104.87,104.89,104.8,104.87,13086
09/16/2026 17:55 PM,104.88,104.9,104.83,104.855,19278
09/16/2026 18:00 PM,104.85,104.86,104.46,104.5,30094
09/16/2026 18:05 PM,104.47,104.85,104.47,104.84,13207
09/16/2026 18:10 PM,104.8,104.9,104.76,104.883,13870
09/16/2026 18:15 PM,104.89,105.13,104.89,105.07,20161
09/16/2026 18:20 PM,105.1,105.47,105.09,105.4,28309
09/16/2026 18:25 PM,105.4,105.85,105.38,105.61,33132
09/16/2026 18:30 PM,105.6,106,105.57,105.96,34146
09/16/2026 18:35 PM,105.949,106.23,105.949,106.23,41868
09/16/2026 18:40 PM,106.24,106.88,106.21,106.378,61360
09/16/2026 18:45 PM,106.379,106.53,106.2,106.211,31757
09/16/2026 18:50 PM,106.23,106.33,106.07,106.09,28052
09/16/2026 18:55 PM,106.09,106.3,106.02,106.15,20164
09/16/2026 19:00 PM,106.141,106.31,106.141,106.29,22626
09/16/2026 19:05 PM,106.32,106.5,106.23,106.483,20931
09/16/2026 19:10 PM,106.49,106.65,106.39,106.45,25448
09/16/2026 19:15 PM,106.479,106.91,106.479,106.708,30350
09/16/2026 19:20 PM,106.72,106.94,106.72,106.87,30698
09/16/2026 19:25 PM,106.89,107.14,106.85,106.98,46718
09/16/2026 19:30 PM,107,107.067,106.95,107.067,39225
09/16/2026 19:35 PM,107.053,107.06,106.82,106.95,33745
09/16/2026 19:40 PM,106.97,107.4,106.95,107.385,47192
09/16/2026 19:45 PM,107.39,107.86,107.32,107.778,49342
09/16/2026 19:50 PM,107.77,107.92,107.66,107.676,51738
09/16/2026 19:55 PM,107.661,107.75,107.5,107.52,66076
09/17/2026 04:00 AM,107.57,108.51,107.57,108.5,66623
09/17/2026 04:05 AM,108.49,108.66,108.38,108.56,27278
09/17/2026 04:10 AM,108.52,108.6,107.97,108.14,14065
09/17/2026 04:15 AM,108.11,108.28,107.8,107.91,12779
09/17/2026 04:20 AM,107.9,108.28,107.85,108.2,6656
09/17/2026 04:25 AM,108.2,108.74,108.2,108.7,26434
09/17/2026 04:30 AM,108.686,108.8,108.39,108.681,17227
09/17/2026 04:35 AM,108.76,109.15,108.722,109.117,40338
09/17/2026 04:40 AM,109.101,109.138,108.88,109.003,17291
09/17/2026 04:45 AM,109.003,109.44,109,109.34,26888
09/17/2026 04:50 AM,109.32,109.698,109.171,109.513,25925
09/17/2026 04:55 AM,109.53,109.67,109.46,109.52,38867
09/17/2026 05:00 AM,109.513,109.98,109.513,109.71,30303
09/17/2026 05:05 AM,109.74,110.01,109.68,109.932,23068
09/17/2026 05:10 AM,109.94,110.218,109.663,109.75,27117
09/17/2026 05:15 AM,109.72,109.897,109.6,109.64,18542
09/17/2026 05:20 AM,109.678,109.8,109.583,109.69,13993
09/17/2026 05:25 AM,109.7,109.79,109.6,109.69,17251
09/17/2026 05:30 AM,109.686,110.017,109.62,109.94,11584
09/17/2026 05:35 AM,109.903,110,109.823,109.89,9441
09/17/2026 05:40 AM,109.89,109.99,109.83,109.87,7981
09/17/2026 05:45 AM,109.87,109.94,109.6,109.66,16712
09/17/2026 05:50 AM,109.65,109.96,109.642,109.932,3798
09/17/2026 05:55 AM,109.932,110.12,109.75,109.8,11417
09/17/2026 06:00 AM,109.82,110,109.79,109.942,7135
09/17/2026 06:05 AM,109.94,110.15,109.9,110.064,14674
09/17/2026 06:10 AM,110.062,110.36,110.03,110.179,31270
09/17/2026 06:15 AM,110.18,110.316,110.11,110.11,15900
09/17/2026 06:20 AM,110.112,110.57,110.11,110.569,11650
09/17/2026 06:25 AM,110.559,110.639,110.41,110.5,15080
09/17/2026 06:30 AM,110.46,110.64,110.224,110.27,13267
09/17/2026 06:35 AM,110.295,110.46,110.23,110.357,26787
09/17/2026 06:40 AM,110.36,110.39,110.03,110.136,13454
09/17/2026 06:45 AM,110.1,110.21,110.05,110.08,6593
09/17/2026 06:50 AM,110.117,110.28,110.06,110.143,9144
09/17/2026 06:55 AM,110.162,110.4,110.14,110.375,14059
09/17/2026 07:00 AM,110.38,111.078,110.32,110.92,130986
09/17/2026 07:05 AM,110.93,110.989,110.6,110.716,52386
09/17/2026 07:10 AM,110.707,110.89,110.46,110.879,28436
09/17/2026 07:15 AM,110.85,110.92,110.24,110.422,46983
09/17/2026 07:20 AM,110.403,110.58,110.3,110.325,23887
09/17/2026 07:25 AM,110.3,110.66,110.23,110.57,27075
09/17/2026 07:30 AM,110.59,110.8,110.54,110.69,33037
09/17/2026 07:35 AM,110.66,110.81,110.56,110.79,26514
09/17/2026 07:40 AM,110.76,110.8,110.47,110.5,23840
09/17/2026 07:45 AM,110.534,110.647,110.44,110.533,24354
09/17/2026 07:50 AM,110.51,110.819,110.366,110.76,36383
09/17/2026 07:55 AM,110.773,111.48,110.62,111.43,68177
09/17/2026 08:00 AM,111.35,111.46,110.9,111.32,76119
09/17/2026 08:05 AM,111.353,112.25,111.3,112.25,116493
09/17/2026 08:10 AM,112.26,112.49,112.201,112.39,98842
09/17/2026 08:15 AM,112.4,112.62,112.26,112.62,66735
09/17/2026 08:20 AM,112.572,112.684,112.453,112.618,78095
09/17/2026 08:25 AM,112.618,113.39,112.5,113.31,124780
09/17/2026 08:30 AM,113.3,114.2,113.17,113.85,160387
09/17/2026 08:35 AM,113.855,114.02,113.5,113.939,153944
09/17/2026 08:40 AM,113.932,113.99,113.37,113.42,104826
09/17/2026 08:45 AM,113.373,113.5,113.32,113.41,79510
09/17/2026 08:50 AM,113.4,113.73,113.34,113.62,44727
09/17/2026 08:55 AM,113.62,113.88,113.49,113.73,48071
09/17/2026 09:00 AM,113.73,114.4,113.631,114.221,135040
09/17/2026 09:05 AM,114.25,114.5,114.11,114.38,105565
09/17/2026 09:10 AM,114.379,114.68,114.22,114.63,71457
09/17/2026 09:15 AM,114.63,114.72,114.35,114.366,94418
09/17/2026 09:20 AM,114.37,114.42,113.95,114,98240
09/17/2026 09:25 AM,114.04,114.287,113.29,113.32,103162
09/17/2026 09:30 AM,113.33,114.18,112.82,113.26,1081789
09/17/2026 09:35 AM,113.257,113.92,112.01,112.08,950267
09/17/2026 09:40 AM,112.139,113.77,112.016,113.61,1038561
09/17/2026 09:45 AM,113.61,114.48,113.33,114.16,852453
09/17/2026 09:50 AM,114.15,115.455,114.09,114.944,900140
09/17/2026 09:55 AM,114.951,115.17,114.301,114.953,552615
09/17/2026 10:00 AM,114.934,115.1,113.87,114.19,637930
09/17/2026 10:05 AM,114.219,114.48,113.46,113.885,464192
09/17/2026 10:10 AM,113.865,114.88,113.73,114.78,510644
09/17/2026 10:15 AM,114.76,115.1,114.327,114.565,345228
09/17/2026 10:20 AM,114.56,114.61,114.03,114.105,331865
09/17/2026 10:25 AM,114.085,114.3,113.76,113.874,372830
09/17/2026 10:30 AM,113.865,114.34,113.43,114.23,442480
09/17/2026 10:35 AM,114.234,114.34,113.93,114.07,214640
09/17/2026 10:40 AM,114.08,114.348,113.87,114.06,253410
09/17/2026 10:45 AM,114.084,114.174,113.7,113.91,237260
09/17/2026 10:50 AM,113.922,114.036,113.28,113.56,341617
09/17/2026 10:55 AM,113.56,114.1,113.46,113.854,379801
09/17/2026 11:00 AM,113.863,114.207,113.5,114.03,285163
09/17/2026 11:05 AM,114.03,114.557,113.855,114.34,381259
09/17/2026 11:10 AM,114.37,114.37,113.85,114.11,180380
09/17/2026 11:15 AM,114.11,114.13,113.81,113.855,182632
09/17/2026 11:20 AM,113.856,114.05,113.68,113.97,210339
09/17/2026 11:25 AM,113.986,114.205,113.91,114.11,191339
09/17/2026 11:30 AM,114.12,114.24,113.88,113.925,151174
09/17/2026 11:35 AM,113.97,114.08,113.91,113.975,137664
09/17/2026 11:40 AM,113.96,114.34,113.95,114.095,211212
09/17/2026 11:45 AM,114.09,114.31,114.06,114.29,110316
09/17/2026 11:50 AM,114.295,114.35,113.93,113.973,149045
09/17/2026 11:55 AM,113.985,114.29,113.975,114.25,106489
09/17/2026 12:00 PM,114.26,114.45,114.2,114.34,139551
09/17/2026 12:05 PM,114.325,114.607,114.246,114.59,150753
09/17/2026 12:10 PM,114.606,114.82,114.55,114.81,170550
09/17/2026 12:15 PM,114.8,114.886,114.61,114.865,151841
09/17/2026 12:20 PM,114.867,114.97,114.66,114.9,123336
09/17/2026 12:25 PM,114.9,114.95,114.73,114.95,128832
09/17/2026 12:30 PM,114.95,115.05,114.63,114.715,209506
09/17/2026 12:35 PM,114.73,114.85,114.575,114.74,113788
09/17/2026 12:40 PM,114.74,115.05,114.67,114.96,130736
09/17/2026 12:45 PM,114.965,115.1,114.86,115.01,138377
09/17/2026 12:50 PM,115.005,115.134,114.92,115.045,107277
09/17/2026 12:55 PM,115.046,115.1,114.47,115.006,229418
09/17/2026 13:00 PM,115.006,115.355,114.97,115.13,198705
09/17/2026 13:05 PM,115.185,115.46,115.15,115.3,162420
09/17/2026 13:10 PM,115.28,115.33,114.99,115.058,132979
09/17/2026 13:15 PM,115.04,115.3,115,115.238,126632
09/17/2026 13:20 PM,115.226,115.3,115.08,115.18,78849
09/17/2026 13:25 PM,115.17,115.305,115.1,115.15,110582
09/17/2026 13:30 PM,115.15,115.17,114.961,115.04,78444
09/17/2026 13:35 PM,115.035,115.18,114.87,114.89,78538
09/17/2026 13:40 PM,114.92,115.22,114.89,115.21,177643
09/17/2026 13:45 PM,115.199,115.29,115.13,115.16,60461
09/17/2026 13:50 PM,115.15,115.2,115.04,115.07,66462
09/17/2026 13:55 PM,115.06,115.22,115.02,115.204,58903
09/17/2026 14:00 PM,115.222,115.27,115.05,115.16,66062
09/17/2026 14:05 PM,115.17,115.257,114.99,115.045,85519
09/17/2026 14:10 PM,115.025,115.29,115,115.191,113483
09/17/2026 14:15 PM,115.196,115.28,115.1,115.21,95692
09/17/2026 14:20 PM,115.23,115.249,114.916,115.02,103008
09/17/2026 14:25 PM,115.035,115.15,115.005,115.05,74326
09/17/2026 14:30 PM,115.07,115.29,115.06,115.079,105587
09/17/2026 14:35 PM,115.073,115.081,114.82,114.895,164809
09/17/2026 14:40 PM,114.88,114.98,114.8,114.95,158210
09/17/2026 14:45 PM,114.96,115.07,114.88,114.88,160357
09/17/2026 14:50 PM,114.89,114.94,114.67,114.749,227082
09/17/2026 14:55 PM,114.75,114.95,114.73,114.916,132868
09/17/2026 15:00 PM,114.92,115.01,114.78,114.84,206487
09/17/2026 15:05 PM,114.85,115.12,114.75,114.975,197906
09/17/2026 15:10 PM,114.975,115.04,114.85,114.863,217302
09/17/2026 15:15 PM,114.87,115.08,114.86,114.975,190313
09/17/2026 15:20 PM,114.975,115.08,114.77,114.78,197428
09/17/2026 15:25 PM,114.795,114.865,114.57,114.65,231505
09/17/2026 15:30 PM,114.66,115.23,114.62,115.1,477988
09/17/2026 15:35 PM,115.1,115.32,115.09,115.304,212008
09/17/2026 15:40 PM,115.32,115.34,114.74,115.025,298778
09/17/2026 15:45 PM,115.03,115.09,114.85,114.975,236716
09/17/2026 15:50 PM,114.98,115.24,114.74,114.78,423084
09/17/2026 15:55 PM,114.79,115.2,114.63,114.82,971453
09/17/2026 16:00 PM,114.77,114.9,114.33,114.6,25524
09/17/2026 16:05 PM,114.62,114.68,114.55,114.65,18834
09/17/2026 16:10 PM,114.58,114.65,114.33,114.353,14985
09/17/2026 16:15 PM,114.37,114.54,114.33,114.45,14208
09/17/2026 16:20 PM,114.48,114.5,114.4,114.42,12588
09/17/2026 16:25 PM,114.435,114.46,114.35,114.45,13831
09/17/2026 16:30 PM,114.401,114.56,114.4,114.51,9831
09/17/2026 16:35 PM,114.54,114.7,114.51,114.7,13371
09/17/2026 16:40 PM,114.68,114.71,114.6,114.654,14754
09/17/2026 16:45 PM,114.66,114.69,114.52,114.6,5220
09/17/2026 16:50 PM,114.6,114.65,114.55,114.63,4283
09/17/2026 16:55 PM,114.63,114.75,114.62,114.71,6162
09/17/2026 17:00 PM,114.67,114.88,114.67,114.88,12016
09/17/2026 17:05 PM,114.87,114.9,114.83,114.88,13960
09/17/2026 17:10 PM,114.87,115.04,114.87,115.03,11450
09/17/2026 17:15 PM,115.04,115.1,115,115.05,18088
09/17/2026 17:20 PM,115.08,115.14,115,115.14,9233
09/17/2026 17:25 PM,115.15,115.18,115,115,14325
09/17/2026 17:30 PM,115.01,115.01,114.89,114.98,7949
09/17/2026 17:35 PM,114.98,115.1,114.98,115.08,10850
09/17/2026 17:40 PM,115.08,115.09,114.85,114.85,11309
09/17/2026 17:45 PM,114.87,114.98,114.85,114.94,3981
09/17/2026 17:50 PM,114.93,114.99,114.9,114.96,3901
09/17/2026 17:55 PM,114.97,115.078,114.96,114.96,9309
09/17/2026 18:00 PM,114.96,114.97,114.59,114.67,14489
09/17/2026 18:05 PM,114.66,114.71,114.42,114.48,22728
09/17/2026 18:10 PM,114.49,114.6,114.48,114.58,10715
09/17/2026 18:15 PM,114.569,114.569,114.26,114.32,18461
09/17/2026 18:20 PM,114.399,114.399,114.1,114.109,27944
09/17/2026 18:25 PM,114.1,114.2,113.89,113.93,28732
09/17/2026 18:30 PM,113.93,114.06,113.87,113.89,20404
09/17/2026 18:35 PM,113.897,114.09,113.88,113.9,23680
09/17/2026 18:40 PM,113.9,113.98,113.83,113.848,21765
09/17/2026 18:45 PM,113.85,113.965,113.84,113.92,9042
09/17/2026 18:50 PM,113.91,114.06,113.87,113.91,10538
09/17/2026 18:55 PM,113.959,114.24,113.92,114.21,14151
09/17/2026 19:00 PM,114.206,114.38,114.2,114.241,11537
09/17/2026 19:05 PM,114.27,114.36,114.25,114.36,6734
09/17/2026 19:10 PM,114.34,114.45,114.08,114.1,13984
09/17/2026 19:15 PM,114.095,114.19,114.02,114.159,11888
09/17/2026 19:20 PM,114.179,114.275,114.15,114.259,5754
09/17/2026 19:25 PM,114.212,114.212,114.04,114.09,7695
09/17/2026 19:30 PM,114.09,114.252,114.06,114.252,4295
09/17/2026 19:35 PM,114.25,114.29,114.19,114.25,5953
09/17/2026 19:40 PM,114.26,114.4,114.2,114.28,13154
09/17/2026 19:45 PM,114.22,114.268,114.06,114.22,19954
09/17/2026 19:50 PM,114.24,114.44,114.21,114.41,6375
09/17/2026 19:55 PM,114.45,114.5,114.25,114.3,14876
09/18/2026 04:00 AM,118.6,119.65,118.102,119.21,72915
09/18/2026 04:05 AM,119.205,119.32,118.403,118.45,52237
09/18/2026 04:10 AM,118.403,118.72,118.254,118.53,16669
09/18/2026 04:15 AM,118.536,119.1,118.53,119,14361
09/18/2026 04:20 AM,119.02,119.237,118.87,119,14805
09/18/2026 04:25 AM,118.97,119.12,118.501,118.501,14651
09/18/2026 04:30 AM,118.5,118.94,118.4,118.92,11619
09/18/2026 04:35 AM,118.95,118.978,118.64,118.68,6161
09/18/2026 04:40 AM,118.68,118.75,118.58,118.716,4947
09/18/2026 04:45 AM,118.67,118.88,118.64,118.76,11552
09/18/2026 04:50 AM,118.76,118.876,118.4,118.43,5817
09/18/2026 04:55 AM,118.457,118.457,118.13,118.15,20020
09/18/2026 05:00 AM,118.15,118.22,117.8,117.964,41432
09/18/2026 05:05 AM,117.99,118.36,117.91,118.26,11469
09/18/2026 05:10 AM,118.26,118.4,118.104,118.11,8663
09/18/2026 05:15 AM,118.15,118.55,118.04,118.55,10029
09/18/2026 05:20 AM,118.54,118.72,118.46,118.5,9391
09/18/2026 05:25 AM,118.54,118.576,118,118.15,9084
09/18/2026 05:30 AM,118.19,118.19,117.94,117.999,11316
09/18/2026 05:35 AM,118.01,118.206,117.535,117.61,14322
09/18/2026 05:40 AM,117.61,117.777,117.22,117.23,20584
09/18/2026 05:45 AM,117.224,117.7,117.22,117.51,20683
09/18/2026 05:50 AM,117.534,117.86,117.5,117.75,10149
09/18/2026 05:55 AM,117.75,117.854,117.48,117.5,4180
09/18/2026 06:00 AM,117.5,117.976,117.486,117.96,5448
09/18/2026 06:05 AM,117.966,118.12,117.884,118,12453
09/18/2026 06:10 AM,118.021,118.14,117.85,118.09,5147
09/18/2026 06:15 AM,118.08,118.4,118.014,118.31,10041
09/18/2026 06:20 AM,118.31,118.45,118.28,118.36,9168
09/18/2026 06:25 AM,118.34,118.74,118.29,118.67,25823
09/18/2026 06:30 AM,118.671,118.8,118.43,118.525,13230
09/18/2026 06:35 AM,118.502,118.74,118.48,118.68,6141
09/18/2026 06:40 AM,118.65,118.7,118.41,118.45,9084
09/18/2026 06:45 AM,118.438,118.48,118.14,118.173,8499
09/18/2026 06:50 AM,118.17,118.216,117.981,118.07,8777
09/18/2026 06:55 AM,118.04,118.106,117.9,118,8362
09/18/2026 07:00 AM,118,118.49,117.53,118.45,80321
09/18/2026 07:05 AM,118.414,118.42,117.22,117.58,47033
09/18/2026 07:10 AM,117.56,117.87,116.853,117.23,80141
09/18/2026 07:15 AM,117.18,117.28,116.46,116.73,46968
09/18/2026 07:20 AM,116.698,116.9,116.5,116.5,34997
09/18/2026 07:25 AM,116.506,116.67,116.11,116.146,45110
09/18/2026 07:30 AM,116.11,116.87,116.1,116.67,61749
09/18/2026 07:35 AM,116.67,116.86,116.4,116.46,35128
09/18/2026 07:40 AM,116.48,116.48,115.91,116.06,39091
09/18/2026 07:45 AM,116.06,116.4,115.964,116.25,43041
09/18/2026 07:50 AM,116.22,116.55,116.16,116.52,24007
09/18/2026 07:55 AM,116.484,116.57,116.29,116.516,23320
09/18/2026 08:00 AM,116.568,116.57,115.703,116.296,43962
09/18/2026 08:05 AM,116.14,116.55,115.415,115.55,51353
09/18/2026 08:10 AM,115.59,115.64,115.37,115.45,38288
09/18/2026 08:15 AM,115.48,115.806,115.335,115.44,45178
09/18/2026 08:20 AM,115.477,115.77,115.21,115.33,45301
09/18/2026 08:25 AM,115.35,115.74,115.31,115.45,30398
09/18/2026 08:30 AM,115.5,115.94,115.42,115.768,52589
09/18/2026 08:35 AM,115.7,115.8,115.23,115.52,37310
09/18/2026 08:40 AM,115.568,115.58,115.28,115.367,18110
09/18/2026 08:45 AM,115.34,115.55,115.34,115.45,15842
09/18/2026 08:50 AM,115.41,115.68,115.38,115.44,13592
09/18/2026 08:55 AM,115.45,115.47,115.03,115.113,39365
09/18/2026 09:00 AM,115.15,115.41,114.91,115.21,65099
09/18/2026 09:05 AM,115.2,115.65,115.19,115.6,38921
09/18/2026 09:10 AM,115.639,115.8,115.49,115.57,32013
09/18/2026 09:15 AM,115.57,115.848,115.49,115.826,30292
09/18/2026 09:20 AM,115.834,116,115.67,115.68,62342
09/18/2026 09:25 AM,115.65,117,114.856,116.98,116935
09/18/2026 09:30 AM,117.03,118.149,116.86,117.51,1012705
09/18/2026 09:35 AM,117.49,118.8,117.39,118.62,655333
09/18/2026 09:40 AM,118.62,119.45,117.95,119.031,679540
09/18/2026 09:45 AM,119.07,119.71,118.423,118.67,644973
09/18/2026 09:50 AM,118.655,118.824,118.16,118.51,466753
09/18/2026 09:55 AM,118.513,118.55,117.85,118.415,352641
09/18/2026 10:00 AM,118.41,118.63,117.35,117.47,496257
09/18/2026 10:05 AM,117.457,118.263,117.09,118.25,507285
09/18/2026 10:10 AM,118.244,118.98,118.18,118.756,504755
09/18/2026 10:15 AM,118.775,118.834,118.24,118.69,266289
09/18/2026 10:20 AM,118.71,119.11,118.45,118.954,308136
09/18/2026 10:25 AM,118.92,118.95,118.57,118.6,335285
09/18/2026 10:30 AM,118.626,118.94,118.47,118.6,157276
09/18/2026 10:35 AM,118.595,118.84,118.18,118.45,256853
09/18/2026 10:40 AM,118.46,118.5,117.77,117.875,301790
09/18/2026 10:45 AM,117.88,118.45,117.75,118.354,309932
09/18/2026 10:50 AM,118.36,118.69,118.24,118.481,232077
09/18/2026 10:55 AM,118.488,118.576,118.14,118.366,136383
09/18/2026 11:00 AM,118.4,118.53,117.98,118.045,194972
09/18/2026 11:05 AM,118.03,118.45,118.02,118.254,141976
09/18/2026 11:10 AM,118.275,118.283,117.8,118.13,175583
09/18/2026 11:15 AM,118.1,118.34,117.99,118.27,99146
09/18/2026 11:20 AM,118.245,118.46,118.04,118.304,117115
09/18/2026 11:25 AM,118.3,118.74,118.28,118.64,154952
09/18/2026 11:30 AM,118.62,118.79,118.26,118.557,164274
09/18/2026 11:35 AM,118.575,118.672,118.11,118.16,142097
09/18/2026 11:40 AM,118.16,118.17,117.84,118.06,166801
09/18/2026 11:45 AM,118.06,118.32,117.91,118.27,116331
09/18/2026 11:50 AM,118.28,118.45,117.93,117.98,135705
09/18/2026 11:55 AM,117.97,118.024,117.69,117.776,191105
09/18/2026 12:00 PM,117.773,117.787,117.57,117.595,135815
09/18/2026 12:05 PM,117.59,117.88,117.52,117.609,163860
09/18/2026 12:10 PM,117.6,117.649,117.354,117.554,201380
09/18/2026 12:15 PM,117.54,117.84,117.5,117.82,109714
09/18/2026 12:20 PM,117.81,117.92,117.01,117.05,177067
09/18/2026 12:25 PM,117.063,117.21,116.68,117.15,361920
09/18/2026 12:30 PM,117.14,117.71,117.04,117.61,195572
09/18/2026 12:35 PM,117.62,117.72,117.46,117.564,107226
09/18/2026 12:40 PM,117.555,117.68,117.35,117.58,102848
09/18/2026 12:45 PM,117.59,117.632,117.3,117.43,79969
09/18/2026 12:50 PM,117.44,117.71,117.434,117.62,79628
09/18/2026 12:55 PM,117.64,117.827,117.51,117.81,129279
09/18/2026 13:00 PM,117.82,118.059,117.7,117.865,177483
09/18/2026 13:05 PM,117.865,118.16,117.85,118.054,156839
09/18/2026 13:10 PM,118.09,118.09,117.87,118.02,107747
09/18/2026 13:15 PM,118.03,118.16,117.93,118.085,89248
09/18/2026 13:20 PM,118.09,118.14,118,118.02,58165
09/18/2026 13:25 PM,118.02,118.15,117.959,118.08,63528
09/18/2026 13:30 PM,118.09,118.14,117.96,118.04,47379
09/18/2026 13:35 PM,118.07,118.23,118.05,118.08,62581
09/18/2026 13:40 PM,118.09,118.22,117.984,118.2,52308
09/18/2026 13:45 PM,118.21,118.22,118.07,118.191,53615
09/18/2026 13:50 PM,118.203,118.22,118.04,118.075,68273
09/18/2026 13:55 PM,118.064,118.2,118.05,118.146,44076
09/18/2026 14:00 PM,118.135,118.2,117.97,118.024,66115
09/18/2026 14:05 PM,118.037,118.09,117.83,117.89,99202
09/18/2026 14:10 PM,117.88,117.929,117.73,117.79,100566
09/18/2026 14:15 PM,117.82,118.01,117.785,117.97,73672
09/18/2026 14:20 PM,117.98,118.45,117.96,118.16,134902
09/18/2026 14:25 PM,118.156,118.2,117.87,117.995,92417
09/18/2026 14:30 PM,118,118.02,117.775,117.925,76363
09/18/2026 14:35 PM,117.925,117.96,117.69,117.91,95347
09/18/2026 14:40 PM,117.91,118.03,117.84,118,82677
09/18/2026 14:45 PM,118.01,118.32,117.999,118.217,191922
09/18/2026 14:50 PM,118.23,118.61,118.19,118.47,181919
09/18/2026 14:55 PM,118.48,118.606,118.4,118.5,100498
09/18/2026 15:00 PM,118.5,119,118.5,118.925,209610
09/18/2026 15:05 PM,118.94,119.08,118.76,118.89,194171
09/18/2026 15:10 PM,118.895,119.22,118.77,118.88,195163
09/18/2026 15:15 PM,118.88,119.2,118.83,119.18,121950
09/18/2026 15:20 PM,119.17,119.289,119.02,119.09,137987
09/18/2026 15:25 PM,119.075,119.132,118.914,119.095,108325
09/18/2026 15:30 PM,119.095,119.23,118.65,119.21,375572
09/18/2026 15:35 PM,119.2,119.66,119.16,119.515,255710
09/18/2026 15:40 PM,119.515,119.855,119.51,119.84,257438
09/18/2026 15:45 PM,119.84,119.9,119.64,119.835,272521
09/18/2026 15:50 PM,119.835,121.71,119.83,121.705,552683
09/18/2026 15:55 PM,121.71,123.86,121.71,123.67,1355064
09/18/2026 16:00 PM,123.78,123.78,123.17,123.62,87736
09/18/2026 16:05 PM,123.64,123.66,123.4,123.56,62059
09/18/2026 16:10 PM,123.599,124.39,123.59,123.89,100362
09/18/2026 16:15 PM,123.83,124,123.57,123.711,46777
09/18/2026 16:20 PM,123.71,123.89,123.7,123.72,36066
09/18/2026 16:25 PM,123.716,123.72,123.6,123.64,29982
09/18/2026 16:30 PM,123.62,123.66,123.3,123.43,36712
09/18/2026 16:35 PM,123.42,123.514,123.25,123.486,45907
09/18/2026 16:40 PM,123.486,123.68,123.482,123.608,47241
09/18/2026 16:45 PM,123.615,123.89,123.615,123.88,38988
09/18/2026 16:50 PM,123.88,123.94,123.57,123.68,28526
09/18/2026 16:55 PM,123.69,123.78,123.57,123.6,15926
09/18/2026 17:00 PM,123.61,123.65,123.2,123.37,17666
09/18/2026 17:05 PM,123.38,123.66,123.25,123.45,25097
09/18/2026 17:10 PM,123.5,123.52,123.39,123.42,22549
09/18/2026 17:15 PM,123.43,123.68,123.42,123.5,14941
09/18/2026 17:20 PM,123.5,123.659,123.5,123.52,13770
09/18/2026 17:25 PM,123.542,123.71,123.5,123.53,17395
09/18/2026 17:30 PM,123.53,123.58,123.48,123.55,18244
09/18/2026 17:35 PM,123.56,123.57,123.5,123.51,12620
09/18/2026 17:40 PM,123.51,123.52,123.36,123.42,13389
09/18/2026 17:45 PM,123.41,123.45,123.4,123.42,8717
09/18/2026 17:50 PM,123.44,123.44,123.33,123.41,15499
09/18/2026 17:55 PM,123.41,123.5,123.38,123.467,9718
09/18/2026 18:00 PM,123.47,123.51,123.42,123.49,14620
09/18/2026 18:05 PM,123.499,123.56,123.46,123.51,7000
09/18/2026 18:10 PM,123.55,123.55,123.42,123.42,27987
09/18/2026 18:15 PM,123.437,123.44,123.37,123.38,7195
09/18/2026 18:20 PM,123.371,123.38,123.296,123.33,14660
09/18/2026 18:25 PM,123.3,123.34,123.2,123.263,12986
09/18/2026 18:30 PM,123.27,123.33,123.2,123.2,15402
09/18/2026 18:35 PM,123.219,123.22,123.03,123.03,20552
09/18/2026 18:40 PM,123.039,123.039,122.8,122.85,17402
09/18/2026 18:45 PM,122.85,122.89,122.78,122.85,11654
09/18/2026 18:50 PM,122.85,122.87,122.28,122.659,92455
09/18/2026 18:55 PM,122.611,122.65,122.5,122.564,11994
09/18/2026 19:00 PM,122.561,123,122.52,122.88,9378
09/18/2026 19:05 PM,122.851,122.88,122.69,122.85,3610
09/18/2026 19:10 PM,122.83,122.85,122.7,122.708,4338
09/18/2026 19:15 PM,122.73,122.75,122.53,122.55,12712
09/18/2026 19:20 PM,122.53,122.791,122.41,122.73,13063
09/18/2026 19:25 PM,122.75,122.75,122.58,122.61,21431
09/18/2026 19:30 PM,122.58,122.92,122.58,122.83,18635
09/18/2026 19:35 PM,122.81,122.958,122.8,122.85,8707
09/18/2026 19:40 PM,122.84,122.85,122.72,122.801,7359
09/18/2026 19:45 PM,122.801,123,122.8,123,21512
09/18/2026 19:50 PM,123,123.09,122.992,123.06,33182
09/18/2026 19:55 PM,123.06,123.1,122.91,123.099,37308
09/21/2026 04:00 AM,129.29,131.02,127.98,130.67,94948
09/21/2026 04:05 AM,130.67,131.3,130.26,131.27,48827
09/21/2026 04:10 AM,131.28,131.403,130.9,131.001,48758
09/21/2026 04:15 AM,131,131.1,130.7,130.785,19630
09/21/2026 04:20 AM,130.79,131.2,130.64,131.111,35611
09/21/2026 04:25 AM,131.12,131.18,130.86,131.01,12077
09/21/2026 04:30 AM,130.99,131.8,130.95,131.61,22842
09/21/2026 04:35 AM,131.63,131.72,131.48,131.53,20296
09/21/2026 04:40 AM,131.53,131.62,131.36,131.49,21514
09/21/2026 04:45 AM,131.48,131.6,131.31,131.57,26959
09/21/2026 04:50 AM,131.545,131.97,131.41,131.73,42401
09/21/2026 04:55 AM,131.75,132.2,131.64,132.12,18622
09/21/2026 05:00 AM,132.11,132.19,132,132,19136
09/21/2026 05:05 AM,132.001,132.57,131.9,132.39,19445
09/21/2026 05:10 AM,132.368,132.57,132.28,132.291,16363
09/21/2026 05:15 AM,132.25,132.45,131.95,132.02,14795
09/21/2026 05:20 AM,132.043,132.75,131.98,132.73,22714
09/21/2026 05:25 AM,132.69,132.95,132.571,132.68,15304
09/21/2026 05:30 AM,132.655,132.79,132.52,132.667,12620
09/21/2026 05:35 AM,132.68,132.88,132.56,132.86,14184
09/21/2026 05:40 AM,132.86,133.01,132.786,132.89,16612
09/21/2026 05:45 AM,132.884,132.94,132.65,132.72,8244
09/21/2026 05:50 AM,132.756,132.8,132.36,132.51,7218
09/21/2026 05:55 AM,132.5,132.57,131.97,132.05,17444
09/21/2026 06:00 AM,132.016,132.4,131.92,132.4,10543
09/21/2026 06:05 AM,132.4,132.436,132.07,132.279,10531
09/21/2026 06:10 AM,132.21,132.27,132.01,132.172,8331
09/21/2026 06:15 AM,132.18,132.5,132.18,132.34,8658
09/21/2026 06:20 AM,132.3,132.3,132.05,132.07,7535
09/21/2026 06:25 AM,132.1,132.32,132.05,132.23,9411
09/21/2026 06:30 AM,132.22,132.82,132,132.8,11868
09/21/2026 06:35 AM,132.8,133,132.62,132.77,16680
09/21/2026 06:40 AM,132.808,132.835,132.51,132.51,10012
09/21/2026 06:45 AM,132.52,132.62,132.33,132.35,8686
09/21/2026 06:50 AM,132.34,132.5,132.3,132.38,7796
09/21/2026 06:55 AM,132.379,132.379,131.95,132.051,13954
09/21/2026 07:00 AM,132.05,132.23,131.72,131.8,103456
09/21/2026 07:05 AM,131.81,131.89,131.331,131.64,73721
09/21/2026 07:10 AM,131.66,131.9,131.3,131.825,41331
09/21/2026 07:15 AM,131.82,132.2,131.78,131.913,22389
09/21/2026 07:20 AM,131.89,131.89,131.16,131.17,37940
09/21/2026 07:25 AM,131.18,131.57,130.91,131.56,39975
09/21/2026 07:30 AM,131.5,131.82,131.32,131.7,21842
09/21/2026 07:35 AM,131.776,131.776,131.18,131.39,24846
09/21/2026 07:40 AM,131.4,131.55,131.15,131.5,34117
09/21/2026 07:45 AM,131.5,132.169,131.5,132.11,52006
09/21/2026 07:50 AM,132.13,132.68,132.05,132.628,56847
09/21/2026 07:55 AM,132.66,132.79,132.442,132.55,30583
09/21/2026 08:00 AM,132.56,133.27,132.55,133.23,84343
09/21/2026 08:05 AM,133.25,133.42,132.85,132.872,71474
09/21/2026 08:10 AM,132.86,133.31,132.86,132.94,42059
09/21/2026 08:15 AM,133.029,133.25,132.82,133.12,30174
09/21/2026 08:20 AM,133.12,133.16,132.558,132.575,41392
09/21/2026 08:25 AM,132.558,132.6,132.12,132.12,49937
09/21/2026 08:30 AM,132.12,132.63,132.07,132.385,23434
09/21/2026 08:35 AM,132.349,132.78,132.27,132.75,22209
09/21/2026 08:40 AM,132.71,133.24,132.57,133.16,34554
09/21/2026 08:45 AM,133.14,133.22,132.71,132.756,28733
09/21/2026 08:50 AM,132.79,132.94,132.76,132.879,17448
09/21/2026 08:55 AM,132.9,132.93,132.35,132.39,33081
09/21/2026 09:00 AM,132.358,132.95,132.19,132.84,32313
09/21/2026 09:05 AM,132.82,132.84,132.44,132.65,19794
09/21/2026 09:10 AM,132.692,132.692,132.03,132.09,50751
09/21/2026 09:15 AM,132.12,132.45,132.12,132.388,32697
09/21/2026 09:20 AM,132.4,132.43,131.84,131.9,41441
09/21/2026 09:25 AM,131.95,133,131.74,131.89,70032
09/21/2026 09:30 AM,132.065,133.2,129.64,130.71,1084455
09/21/2026 09:35 AM,130.7,133.33,130.07,133.111,962544
09/21/2026 09:40 AM,133.16,134.1,132.99,133.62,940297
09/21/2026 09:45 AM,133.62,134.67,133.59,134.087,733591
09/21/2026 09:50 AM,134.105,134.75,133.97,134.647,513100
09/21/2026 09:55 AM,134.65,134.82,134.17,134.4,407989
09/21/2026 10:00 AM,134.39,134.91,134.25,134.33,470841
09/21/2026 10:05 AM,134.32,134.46,133.43,133.56,610439
09/21/2026 10:10 AM,133.61,135,133.59,134.94,689472
09/21/2026 10:15 AM,134.955,135.56,134.89,135.315,601920
09/21/2026 10:20 AM,135.33,135.885,134.83,135.845,476528
09/21/2026 10:25 AM,135.85,136.59,135.62,136.432,582263
09/21/2026 10:30 AM,136.485,136.81,136.21,136.4,402968
09/21/2026 10:35 AM,136.44,137.12,136.43,136.65,447877
09/21/2026 10:40 AM,136.682,136.74,135.99,136.524,397104
09/21/2026 10:45 AM,136.53,136.84,136.245,136.245,235785
09/21/2026 10:50 AM,136.266,136.35,135.71,136.27,323236
09/21/2026 10:55 AM,136.26,137.31,136.109,137.275,396379
09/21/2026 11:00 AM,137.28,138.48,137.245,138.47,522825
09/21/2026 11:05 AM,138.465,138.75,138.14,138.57,373533
09/21/2026 11:10 AM,138.59,139.25,138.43,139.14,424546
09/21/2026 11:15 AM,139.15,139.25,138.62,138.724,266939
09/21/2026 11:20 AM,138.75,138.97,138.504,138.901,320624
09/21/2026 11:25 AM,138.909,139.6,138.9,139.57,341915
09/21/2026 11:30 AM,139.59,139.83,139.39,139.39,288080
09/21/2026 11:35 AM,139.41,139.85,139.33,139.771,250061
09/21/2026 11:40 AM,139.77,139.89,139.35,139.536,294470
09/21/2026 11:45 AM,139.515,139.64,139.34,139.43,185311
09/21/2026 11:50 AM,139.432,139.55,138.95,138.97,303653
09/21/2026 11:55 AM,138.97,139.1,138.652,138.88,224877
09/21/2026 12:00 PM,138.86,139.04,138.474,139.02,337032
09/21/2026 12:05 PM,139.03,139.3,138.82,139.23,237126
09/21/2026 12:10 PM,139.25,139.55,139.12,139.245,201475
09/21/2026 12:15 PM,139.28,139.42,139.071,139.188,158195
09/21/2026 12:20 PM,139.18,139.72,139.04,139.686,212222
09/21/2026 12:25 PM,139.68,139.952,139.58,139.8,302474
09/21/2026 12:30 PM,139.81,140.39,139.75,140.336,385979
09/21/2026 12:35 PM,140.35,140.42,139.63,139.81,246048
09/21/2026 12:40 PM,139.8,140.09,139.64,139.64,151200
09/21/2026 12:45 PM,139.655,140.02,139.65,139.91,165284
09/21/2026 12:50 PM,139.92,139.963,139.66,139.9,161132
09/21/2026 12:55 PM,139.91,140.23,139.87,140.197,198308
09/21/2026 13:00 PM,140.19,140.39,140.15,140.295,184059
09/21/2026 13:05 PM,140.29,140.4,139.78,139.831,132811
09/21/2026 13:10 PM,139.834,139.86,139.58,139.77,164155
09/21/2026 13:15 PM,139.78,139.85,139.4,139.587,173822
09/21/2026 13:20 PM,139.588,139.69,138.88,138.925,236889
09/21/2026 13:25 PM,138.95,139.31,138.71,139.25,285239
09/21/2026 13:30 PM,139.25,139.453,139.17,139.26,180245
09/21/2026 13:35 PM,139.28,139.64,139.17,139.604,96664
09/21/2026 13:40 PM,139.612,139.78,139.518,139.76,89576
09/21/2026 13:45 PM,139.776,140.042,139.73,139.935,146603
09/21/2026 13:50 PM,139.935,140.13,139.87,140.068,113369
09/21/2026 13:55 PM,140.07,140.17,139.74,139.824,133588
09/21/2026 14:00 PM,139.82,140.35,139.78,140.34,228128
09/21/2026 14:05 PM,140.335,140.4,140.12,140.15,123668
09/21/2026 14:10 PM,140.14,140.58,140.137,140.55,231932
09/21/2026 14:15 PM,140.55,140.85,140.46,140.824,189803
09/21/2026 14:20 PM,140.82,141.05,140.78,140.885,236418
09/21/2026 14:25 PM,140.884,140.9,140.58,140.865,171235
09/21/2026 14:30 PM,140.875,141.03,140.49,140.615,193281
09/21/2026 14:35 PM,140.62,141.25,140.62,141.24,176085
09/21/2026 14:40 PM,141.245,141.26,140.98,141.074,234217
09/21/2026 14:45 PM,141.1,141.29,141.06,141.21,181995
09/21/2026 14:50 PM,141.22,141.49,141.035,141.42,256789
09/21/2026 14:55 PM,141.431,141.58,141.3,141.557,190853
09/21/2026 15:00 PM,141.57,141.82,141.16,141.195,331883
09/21/2026 15:05 PM,141.22,141.85,141.181,141.6,329270
09/21/2026 15:10 PM,141.58,142.22,141.49,142.21,324812
09/21/2026 15:15 PM,142.19,142.59,142.15,142.43,326144
09/21/2026 15:20 PM,142.436,142.565,142.149,142.175,232361
09/21/2026 15:25 PM,142.18,142.26,141.866,141.87,316038
09/21/2026 15:30 PM,141.89,142.88,141.8,142.85,494413
09/21/2026 15:35 PM,142.86,143.83,142.83,143.815,405502
09/21/2026 15:40 PM,143.82,144,143.311,143.39,452783
09/21/2026 15:45 PM,143.4,143.425,142.83,143.08,500972
09/21/2026 15:50 PM,143.05,143.22,142.52,142.7,579221
09/21/2026 15:55 PM,142.64,143.24,141.87,141.93,1230350
09/21/2026 16:00 PM,142.025,142.14,141.5,141.54,87360
09/21/2026 16:05 PM,141.532,141.97,141.41,141.8,52632
09/21/2026 16:10 PM,141.82,141.918,141.45,141.544,44126
09/21/2026 16:15 PM,141.55,141.55,141.18,141.39,39792
09/21/2026 16:20 PM,141.39,141.43,141.13,141.351,36625
09/21/2026 16:25 PM,141.37,141.63,141.33,141.5,18891
09/21/2026 16:30 PM,141.5,141.56,141.33,141.45,33664
09/21/2026 16:35 PM,141.43,141.48,141.29,141.34,23324
09/21/2026 16:40 PM,141.35,141.399,141.24,141.369,20073
09/21/2026 16:45 PM,141.35,141.39,141.279,141.33,17289
09/21/2026 16:50 PM,141.37,141.48,141.3,141.417,19905
09/21/2026 16:55 PM,141.43,141.75,141.38,141.69,14855
09/21/2026 17:00 PM,141.69,141.701,141.51,141.54,5312
09/21/2026 17:05 PM,141.54,141.75,141.52,141.737,12066
09/21/2026 17:10 PM,141.73,141.84,141.64,141.688,15063
09/21/2026 17:15 PM,141.682,141.74,141.56,141.6,14430
09/21/2026 17:20 PM,141.63,141.85,141.63,141.801,9497
09/21/2026 17:25 PM,141.81,141.85,141.79,141.81,8569
09/21/2026 17:30 PM,141.82,142.18,141.81,142.16,16765
09/21/2026 17:35 PM,142.17,142.3,142.07,142.17,20309
09/21/2026 17:40 PM,142.15,142.29,142.11,142.11,16311
09/21/2026 17:45 PM,142.14,142.15,141.862,141.92,16864
09/21/2026 17:50 PM,141.94,142.18,141.87,142.1,18727
09/21/2026 17:55 PM,142.1,142.109,142,142.08,8294
09/21/2026 18:00 PM,142.08,142.37,142.06,142.37,13918
09/21/2026 18:05 PM,142.4,142.61,142.31,142.391,23764
09/21/2026 18:10 PM,142.43,142.75,142.116,142.744,39433
09/21/2026 18:15 PM,142.75,142.99,142.71,142.92,31458
09/21/2026 18:20 PM,142.92,143.12,142.83,143.01,27010
09/21/2026 18:25 PM,143.02,143.29,142.95,143.18,27813
09/21/2026 18:30 PM,143.178,143.52,143.178,143.429,48668
09/21/2026 18:35 PM,143.32,143.411,143.15,143.19,33663
09/21/2026 18:40 PM,143.2,143.26,143,143.25,26788
09/21/2026 18:45 PM,143.29,143.34,143.05,143.282,22800
09/21/2026 18:50 PM,143.28,143.38,143.1,143.32,13290
09/21/2026 18:55 PM,143.31,143.46,143.3,143.39,18014
09/21/2026 19:00 PM,143.39,143.88,143.39,143.82,36154
09/21/2026 19:05 PM,143.82,144.08,143.8,144.049,41183
09/21/2026 19:10 PM,144.05,144.4,144.03,144.2,26778
09/21/2026 19:15 PM,144.15,144.41,144.15,144.38,36004
09/21/2026 19:20 PM,144.38,144.48,144.3,144.446,18504
09/21/2026 19:25 PM,144.44,144.5,144.212,144.38,21132
09/21/2026 19:30 PM,144.4,144.52,144.31,144.37,13469
09/21/2026 19:35 PM,144.36,144.66,144.32,144.62,27598
09/21/2026 19:40 PM,144.63,144.81,144.48,144.48,33539
09/21/2026 19:45 PM,144.48,144.55,144.365,144.49,26394
09/21/2026 19:50 PM,144.48,144.8,144.48,144.65,36373
09/21/2026 19:55 PM,144.66,144.72,144.6,144.7,45124
09/22/2026 04:00 AM,139.245,139.46,137.02,137.02,114954
09/22/2026 04:05 AM,137.02,137.82,136.77,137.39,51880
09/22/2026 04:10 AM,137.506,137.99,137.1,137.92,18574
09/22/2026 04:15 AM,137.924,137.924,136.9,137.05,19960
09/22/2026 04:20 AM,137.02,137.09,136.3,136.48,25398
09/22/2026 04:25 AM,136.45,136.82,135.45,135.61,44524
09/22/2026 04:30 AM,135.6,136.2,135.28,136.12,35753
09/22/2026 04:35 AM,136.1,137.68,136.005,137.58,42289
09/22/2026 04:40 AM,137.62,138.296,137.35,138.266,42724
09/22/2026 04:45 AM,138.28,138.85,137.58,138.74,50962
09/22/2026 04:50 AM,138.71,139.06,138.45,138.78,39636
09/22/2026 04:55 AM,138.68,139.12,138.502,138.9,24917
09/22/2026 05:00 AM,138.9,139.574,138.55,138.59,29530
09/22/2026 05:05 AM,138.52,139.144,138.49,138.576,14602
09/22/2026 05:10 AM,138.561,139.19,138.35,138.66,15051
09/22/2026 05:15 AM,138.68,139.25,138.576,138.795,7358
09/22/2026 05:20 AM,138.7,138.77,138.38,138.56,16004
09/22/2026 05:25 AM,138.56,138.76,138.4,138.64,9957
09/22/2026 05:30 AM,138.68,139.12,138.57,138.84,11303
09/22/2026 05:35 AM,138.838,138.845,138.35,138.442,9705
09/22/2026 05:40 AM,138.44,139.13,138.407,139.06,6317
09/22/2026 05:45 AM,139,139.199,138.926,139.11,4630
09/22/2026 05:50 AM,139.1,141.08,139.06,140.938,46315
09/22/2026 05:55 AM,140.937,141.686,140.22,141.609,45238
09/22/2026 06:00 AM,141.607,141.607,141.004,141.49,38209
09/22/2026 06:05 AM,141.49,142.427,141.49,142.26,60332
09/22/2026 06:10 AM,142.268,142.399,141.17,141.31,29167
09/22/2026 06:15 AM,141.27,141.625,140.85,140.85,24155
09/22/2026 06:20 AM,140.825,140.905,140.44,140.51,19768
09/22/2026 06:25 AM,140.54,141.114,140.284,141,13814
09/22/2026 06:30 AM,141.016,141.073,140.42,140.68,17480
09/22/2026 06:35 AM,140.64,141.05,140.53,141,8355
09/22/2026 06:40 AM,141.06,141.64,141,141.29,18547
09/22/2026 06:45 AM,141.3,141.595,140.94,141.5,14977
09/22/2026 06:50 AM,141.5,141.64,140.91,140.933,15089
09/22/2026 06:55 AM,140.98,141.15,140.71,140.85,14421
09/22/2026 07:00 AM,140.88,141.483,140.25,140.352,34322
09/22/2026 07:05 AM,140.436,140.55,139.06,139.17,60507
09/22/2026 07:10 AM,139.18,140.17,139.134,139.8,42933
09/22/2026 07:15 AM,139.742,140,139.37,139.42,15966
09/22/2026 07:20 AM,139.46,139.8,139.25,139.64,12257
09/22/2026 07:25 AM,139.72,139.72,138.57,138.62,42972
09/22/2026 07:30 AM,138.6,139.2,138.572,138.957,26894
09/22/2026 07:35 AM,138.92,139.32,138.9,139.25,30246
09/22/2026 07:40 AM,139.29,139.58,138.95,138.99,29496
09/22/2026 07:45 AM,139,139.43,138.5,138.73,35765
09/22/2026 07:50 AM,138.75,138.8,138.07,138.078,29792
09/22/2026 07:55 AM,138.079,138.53,137.704,137.93,46355
09/22/2026 08:00 AM,137.9,138.3,137.55,138.06,41933
09/22/2026 08:05 AM,138.08,138.12,136.57,136.752,77151
09/22/2026 08:10 AM,136.76,137.31,136.76,136.94,52632
09/22/2026 08:15 AM,136.9,137.196,136.709,136.98,36076
09/22/2026 08:20 AM,137,137.5,136.9,137.346,46776
09/22/2026 08:25 AM,137.346,137.74,137.293,137.71,33784
09/22/2026 08:30 AM,137.72,137.9,137.295,137.888,58370
09/22/2026 08:35 AM,137.888,137.89,137.06,137.13,40344
09/22/2026 08:40 AM,137.13,137.525,137.01,137.04,46604
09/22/2026 08:45 AM,137.05,137.27,136.85,136.89,44465
09/22/2026 08:50 AM,136.907,137.13,136.85,137.1,24764
09/22/2026 08:55 AM,137.118,137.12,136.55,136.71,33313
09/22/2026 09:00 AM,136.722,137.13,136.54,136.92,32720
09/22/2026 09:05 AM,136.93,137.18,136.57,136.62,58995
09/22/2026 09:10 AM,136.58,136.75,136.25,136.26,61263
09/22/2026 09:15 AM,136.316,136.38,136.03,136.065,49552
09/22/2026 09:20 AM,136.04,137.01,135.88,136.95,97098
09/22/2026 09:25 AM,136.96,137.75,136.8,137.67,73790
09/22/2026 09:30 AM,137.67,142.1,137.49,142.085,1221458
09/22/2026 09:35 AM,142.085,143.26,141.46,141.9,1050014
09/22/2026 09:40 AM,141.83,143.53,141.76,142.93,854674
09/22/2026 09:45 AM,142.93,143.35,142.14,142.45,559343
09/22/2026 09:50 AM,142.455,144.76,142.37,144.72,763246
09/22/2026 09:55 AM,144.71,145.44,143.83,145.39,774017
09/22/2026 10:00 AM,145.36,145.51,144.33,144.92,534701
09/22/2026 10:05 AM,144.975,145.47,144.55,145.322,458713
09/22/2026 10:10 AM,145.26,146.97,145.26,146.525,647868
09/22/2026 10:15 AM,146.554,146.68,145.901,146.4,413140
09/22/2026 10:20 AM,146.42,146.785,145.79,146.655,332677
09/22/2026 10:25 AM,146.641,147.56,146.37,147.33,529823
09/22/2026 10:30 AM,147.33,148.73,147.19,148.43,675132
09/22/2026 10:35 AM,148.45,148.47,146.63,146.879,761233
09/22/2026 10:40 AM,146.893,147.04,145.24,145.525,776467
09/22/2026 10:45 AM,145.51,145.91,144.18,145.91,815852
09/22/2026 10:50 AM,145.888,146.221,145.35,146.01,376963
09/22/2026 10:55 AM,145.986,146.22,145.37,145.86,256865
09/22/2026 11:00 AM,145.9,146.2,145.44,145.727,308596
09/22/2026 11:05 AM,145.74,146.17,145.55,145.62,257134
09/22/2026 11:10 AM,145.62,146.95,145.6,146.8,316276
09/22/2026 11:15 AM,146.78,146.81,146.03,146.69,337247
09/22/2026 11:20 AM,146.68,146.72,146.27,146.57,164518
09/22/2026 11:25 AM,146.554,146.83,146.21,146.36,221964
09/22/2026 11:30 AM,146.376,146.92,146.17,146.755,212566
09/22/2026 11:35 AM,146.79,146.98,146.43,146.65,192214
09/22/2026 11:40 AM,146.67,146.84,146.36,146.73,161058
09/22/2026 11:45 AM,146.71,147.335,146.66,147.036,272902
09/22/2026 11:50 AM,147.039,147.535,146.98,147.284,240753
09/22/2026 11:55 AM,147.27,147.82,147.2,147.74,206158
09/22/2026 12:00 PM,147.73,147.87,147.57,147.755,228235
09/22/2026 12:05 PM,147.73,148.336,147.71,148.01,306550
09/22/2026 12:10 PM,148.017,148.23,147.73,148.04,230138
09/22/2026 12:15 PM,148.01,148.11,147.6,147.645,179157
09/22/2026 12:20 PM,147.655,148.1,147.28,147.375,200016
09/22/2026 12:25 PM,147.36,147.68,146.49,146.55,240569
09/22/2026 12:30 PM,146.546,147.5,146.546,147.43,236385
09/22/2026 12:35 PM,147.45,147.53,147.14,147.19,133343
09/22/2026 12:40 PM,147.201,147.665,147.13,147.6,112889
09/22/2026 12:45 PM,147.62,148.29,147.48,148.26,188655
09/22/2026 12:50 PM,148.24,148.39,148.03,148.29,187424
09/22/2026 12:55 PM,148.304,148.417,148.141,148.396,129598
09/22/2026 13:00 PM,148.38,148.618,148.33,148.53,157031
09/22/2026 13:05 PM,148.53,148.84,148.45,148.593,228788
09/22/2026 13:10 PM,148.61,148.79,148.41,148.466,131026
09/22/2026 13:15 PM,148.464,148.51,148.15,148.205,136553
09/22/2026 13:20 PM,148.2,148.24,147.63,147.87,197912
09/22/2026 13:25 PM,147.864,148.39,147.75,148.28,192406
09/22/2026 13:30 PM,148.28,148.3,147.67,147.98,154502
09/22/2026 13:35 PM,147.99,148.24,147.84,147.975,143389
09/22/2026 13:40 PM,147.97,148.31,147.69,148.18,135467
09/22/2026 13:45 PM,148.19,148.43,148.13,148.35,144565
09/22/2026 13:50 PM,148.36,149.48,148.22,149.19,303051
09/22/2026 13:55 PM,149.21,149.29,148.64,149.15,213795
09/22/2026 14:00 PM,149.135,149.18,147.9,148.83,298428
09/22/2026 14:05 PM,148.83,149.33,148.72,149.3,213402
09/22/2026 14:10 PM,149.28,149.6,149.19,149.234,198491
09/22/2026 14:15 PM,149.23,149.75,149.2,149.703,181524
09/22/2026 14:20 PM,149.71,149.88,149.64,149.8,239404
09/22/2026 14:25 PM,149.8,149.92,149.63,149.835,202515
09/22/2026 14:30 PM,149.835,149.91,149.45,149.52,157516
09/22/2026 14:35 PM,149.527,149.67,149.25,149.402,151013
09/22/2026 14:40 PM,149.4,149.46,149.14,149.31,199163
09/22/2026 14:45 PM,149.31,149.4,149.06,149.235,147353
09/22/2026 14:50 PM,149.235,149.35,149.01,149.25,157868
09/22/2026 14:55 PM,149.25,149.54,149.2,149.319,180311
09/22/2026 15:00 PM,149.32,150,149.31,149.985,289083
09/22/2026 15:05 PM,149.985,150.32,149.96,150.24,302432
09/22/2026 15:10 PM,150.25,150.42,149.94,150.3,210890
09/22/2026 15:15 PM,150.28,150.513,150.26,150.435,223330
09/22/2026 15:20 PM,150.45,150.46,149.77,149.85,236185
09/22/2026 15:25 PM,149.89,150.45,149.83,150.17,223666
09/22/2026 15:30 PM,150.17,150.96,150.13,150.86,521344
09/22/2026 15:35 PM,150.855,151.44,150.617,151.38,378690
09/22/2026 15:40 PM,151.38,151.46,150.96,151.32,287157
09/22/2026 15:45 PM,151.32,151.85,151.27,151.79,281797
09/22/2026 15:50 PM,151.77,152.64,151.54,151.845,702380
09/22/2026 15:55 PM,151.85,152.28,151.68,151.95,580494
09/22/2026 16:00 PM,151.97,152,151.11,151.215,71641
09/22/2026 16:05 PM,151.181,151.35,150.91,151.15,43309
09/22/2026 16:10 PM,151.091,151.15,150.85,150.85,58716
09/22/2026 16:15 PM,150.9,151,150.8,150.83,23424
09/22/2026 16:20 PM,150.84,150.84,150.48,150.7,29612
09/22/2026 16:25 PM,150.7,151.11,150.69,150.86,9057
09/22/2026 16:30 PM,150.9,151,150.8,150.97,12573
09/22/2026 16:35 PM,150.93,150.968,150.6,150.67,21217
09/22/2026 16:40 PM,150.68,150.783,150.66,150.681,7003
09/22/2026 16:45 PM,150.75,150.75,150.52,150.671,13052
09/22/2026 16:50 PM,150.68,150.94,150.67,150.908,17807
09/22/2026 16:55 PM,150.902,150.92,150.62,150.76,8505
09/22/2026 17:00 PM,150.72,150.8,150.65,150.79,3824
09/22/2026 17:05 PM,150.8,150.83,150.61,150.63,14303
09/22/2026 17:10 PM,150.621,150.75,150.57,150.68,11571
09/22/2026 17:15 PM,150.68,150.71,150.6,150.62,5519
09/22/2026 17:20 PM,150.62,150.627,150.47,150.58,7335
09/22/2026 17:25 PM,150.58,150.7,150.55,150.68,6663
09/22/2026 17:30 PM,150.68,150.7,150.62,150.66,4689
09/22/2026 17:35 PM,150.65,150.75,150.621,150.623,5026
09/22/2026 17:40 PM,150.62,150.698,150.55,150.64,5731
09/22/2026 17:45 PM,150.625,150.64,150.47,150.48,8510
09/22/2026 17:50 PM,150.47,150.57,150.42,150.5,12926
09/22/2026 17:55 PM,150.47,150.5,150.38,150.4,11986
09/22/2026 18:00 PM,150.38,150.8,150.38,150.57,17332
09/22/2026 18:05 PM,150.6,151.14,150.57,151.13,21093
09/22/2026 18:10 PM,151.1,151.79,151.1,151.68,30897
09/22/2026 18:15 PM,151.67,151.91,151.54,151.69,27671
09/22/2026 18:20 PM,151.72,152.31,151.71,152.222,37428
09/22/2026 18:25 PM,152.22,152.35,151.9,152.01,24515
09/22/2026 18:30 PM,152.01,152.45,151.98,152.217,38118
09/22/2026 18:35 PM,152.23,152.3,152.06,152.15,25405
09/22/2026 18:40 PM,152.15,152.36,152.15,152.2,18381
09/22/2026 18:45 PM,152.205,152.21,151.6,151.65,31656
09/22/2026 18:50 PM,151.63,151.98,151.52,151.86,15538
09/22/2026 18:55 PM,151.83,152.04,151.83,151.88,26775
09/22/2026 19:00 PM,151.89,151.99,151.8,151.88,7797
09/22/2026 19:05 PM,151.88,152.2,151.87,151.87,10429
09/22/2026 19:10 PM,151.88,151.88,151.8,151.85,12028
09/22/2026 19:15 PM,151.82,151.95,151.81,151.95,5964
09/22/2026 19:20 PM,151.95,152.43,151.9,152.38,15990
09/22/2026 19:25 PM,152.369,152.369,151.93,152.01,10674
09/22/2026 19:30 PM,152.01,152.38,152,152.38,7841
09/22/2026 19:35 PM,152.38,152.48,152.25,152.46,15320
09/22/2026 19:40 PM,152.46,152.68,152.3,152.329,23929
09/22/2026 19:45 PM,152.3,152.44,152.15,152.27,36933
09/22/2026 19:50 PM,152.305,152.68,152.2,152.66,16891
09/22/2026 19:55 PM,152.66,152.8,152.65,152.708,28172
09/23/2026 04:00 AM,149.98,150.32,148.94,148.99,76502
09/23/2026 04:05 AM,148.94,149.763,148.6,149.25,14313
09/23/2026 04:10 AM,149.36,149.83,149.25,149.67,16665
09/23/2026 04:15 AM,149.765,149.88,149.15,149.507,10626
09/23/2026 04:20 AM,149.5,150.15,149.473,150.137,10858
09/23/2026 04:25 AM,150.14,150.2,149.65,149.88,8195
09/23/2026 04:30 AM,149.962,150.043,149.69,149.69,6947
09/23/2026 04:35 AM,149.76,149.79,149,149.473,14610
09/23/2026 04:40 AM,149.45,149.49,148.95,149.184,6249
09/23/2026 04:45 AM,149.13,149.384,149.004,149.26,3615
09/23/2026 04:50 AM,149.14,149.164,148.47,148.605,15136
09/23/2026 04:55 AM,148.6,149.2,148.59,149.088,9431
09/23/2026 05:00 AM,149.1,149.48,148.82,148.904,16854
09/23/2026 05:05 AM,148.8,149.42,148.8,149.37,6995
09/23/2026 05:10 AM,149.37,149.424,149.076,149.216,3892
09/23/2026 05:15 AM,149.19,149.201,148.9,149.19,15204
09/23/2026 05:20 AM,149.194,149.7,149.15,149.62,7261
09/23/2026 05:25 AM,149.64,149.65,149.47,149.59,6447
09/23/2026 05:30 AM,149.52,149.8,149.45,149.48,7826
09/23/2026 05:35 AM,149.481,149.8,149.45,149.47,6261
09/23/2026 05:40 AM,149.59,149.59,149.235,149.25,4310
09/23/2026 05:45 AM,149.26,149.26,148.65,148.83,14627
09/23/2026 05:50 AM,148.84,149.19,148.7,149.18,3929
09/23/2026 05:55 AM,149.08,149.12,148.805,148.874,3579
09/23/2026 06:00 AM,148.893,149.08,148.74,148.97,7746
09/23/2026 06:05 AM,148.95,149.15,148.84,148.877,4494
09/23/2026 06:10 AM,148.93,149.07,148.61,148.96,5288
09/23/2026 06:15 AM,148.99,149.2,148.96,149.19,7813
09/23/2026 06:20 AM,149.185,149.196,148.52,148.618,13174
09/23/2026 06:25 AM,148.716,149.15,148.697,149.06,5728
09/23/2026 06:30 AM,149.065,149.22,148.9,148.9,2804
09/23/2026 06:35 AM,148.9,149.19,148.74,149.17,8202
09/23/2026 06:40 AM,149.16,149.2,148.78,148.9,3894
09/23/2026 06:45 AM,148.86,148.91,148.64,148.8,4565
09/23/2026 06:50 AM,148.8,149.02,148.6,148.99,6122
09/23/2026 06:55 AM,149.09,149.27,149,149.146,5026
09/23/2026 07:00 AM,149.16,149.199,147.69,147.977,61346
09/23/2026 07:05 AM,147.977,147.977,147.12,147.5,43934
09/23/2026 07:10 AM,147.41,147.81,147.3,147.7,37243
09/23/2026 07:15 AM,147.757,148.03,147.24,147.48,41914
09/23/2026 07:20 AM,147.367,147.5,146.24,146.43,73941
09/23/2026 07:25 AM,146.42,146.677,146.15,146.15,48838
09/23/2026 07:30 AM,146.13,146.2,145.65,145.77,52774
09/23/2026 07:35 AM,145.76,145.84,145.16,145.743,54551
09/23/2026 07:40 AM,145.74,145.87,145.015,145.66,50520
09/23/2026 07:45 AM,145.686,146.6,145.66,146.57,61117
09/23/2026 07:50 AM,146.5,146.566,145.98,146.324,35771
09/23/2026 07:55 AM,146.35,146.568,146.18,146.46,21670
09/23/2026 08:00 AM,146.44,146.52,145.5,145.72,30411
09/23/2026 08:05 AM,145.715,146.21,145.65,145.794,23270
09/23/2026 08:10 AM,145.793,145.97,145.31,145.38,36935
09/23/2026 08:15 AM,145.41,145.684,145.15,145.35,33883
09/23/2026 08:20 AM,145.415,146.2,145.2,146.188,45519
09/23/2026 08:25 AM,146.185,146.22,145.68,146.095,25318
09/23/2026 08:30 AM,146.07,147.07,146.05,146.8,76911
09/23/2026 08:35 AM,146.8,146.96,146.39,146.89,49634
09/23/2026 08:40 AM,146.861,147.089,146.588,146.65,30362
09/23/2026 08:45 AM,146.695,147.39,146.61,147.1,37386
09/23/2026 08:50 AM,147.092,147.37,146.935,147.06,41717
09/23/2026 08:55 AM,147.06,147.42,146.65,147.33,36142
09/23/2026 09:00 AM,147.27,147.313,146.14,146.46,77415
09/23/2026 09:05 AM,146.488,146.78,146.25,146.481,28704
09/23/2026 09:10 AM,146.42,147.06,146.34,146.942,34938
09/23/2026 09:15 AM,146.9,147.35,146.85,147.2,57373
09/23/2026 09:20 AM,147.173,147.93,147.173,147.753,80399
09/23/2026 09:25 AM,147.8,149.88,147.8,149.73,123695
09/23/2026 09:30 AM,149.89,151,147.12,147.777,892211
09/23/2026 09:35 AM,147.81,149.3,145.75,146.32,798734
09/23/2026 09:40 AM,146.283,146.4,145.2,146.055,643372
09/23/2026 09:45 AM,146.01,146.66,143.89,144.386,903944
09/23/2026 09:50 AM,144.4,144.73,142.85,144.165,798959
09/23/2026 09:55 AM,144.189,145.1,144.03,144.69,513245
09/23/2026 10:00 AM,144.68,146.425,144.635,145.28,630415
09/23/2026 10:05 AM,145.31,145.73,143.52,143.68,442847
09/23/2026 10:10 AM,143.695,143.81,141.13,141.3,940982
09/23/2026 10:15 AM,141.292,142.31,140.05,140.081,874023
09/23/2026 10:20 AM,140.105,141,139.58,140.47,753066
09/23/2026 10:25 AM,140.47,141.25,139.6,140.935,873208
09/23/2026 10:30 AM,140.953,142.11,139.94,142.05,573971
09/23/2026 10:35 AM,142.035,142.73,140.99,141.386,799128
09/23/2026 10:40 AM,141.406,142.16,141.115,141.875,315549
09/23/2026 10:45 AM,141.87,142.6,141.83,142.53,409405
09/23/2026 10:50 AM,142.5,145.163,141.835,144.83,751660
09/23/2026 10:55 AM,144.825,145.5,144.33,145.29,579694
09/23/2026 11:00 AM,145.283,145.6,144.07,144.449,407233
09/23/2026 11:05 AM,144.459,145.37,144.12,145.04,218300
09/23/2026 11:10 AM,145.07,145.466,144.88,145.39,211536
09/23/2026 11:15 AM,145.41,145.781,144.2,145.2,315307
09/23/2026 11:20 AM,145.21,145.96,144.867,145.89,260275
09/23/2026 11:25 AM,145.865,146.3,145.18,145.28,307983
09/23/2026 11:30 AM,145.275,145.5,144.8,144.805,193840
09/23/2026 11:35 AM,144.78,144.99,144.22,144.43,237330
09/23/2026 11:40 AM,144.415,145.15,144.286,145.11,158886
09/23/2026 11:45 AM,145.116,145.16,143.05,143.216,336006
09/23/2026 11:50 AM,143.215,143.464,142.62,143.39,358138
09/23/2026 11:55 AM,143.41,143.5,143.007,143.335,127771
09/23/2026 12:00 PM,143.37,143.45,142.64,143,189569
09/23/2026 12:05 PM,142.97,143.82,142.91,143.76,271234
09/23/2026 12:10 PM,143.756,143.91,143.21,143.446,201488
09/23/2026 12:15 PM,143.4,144.06,143.31,143.44,171903
09/23/2026 12:20 PM,143.4,143.46,142.62,142.913,181561
09/23/2026 12:25 PM,142.891,143.3,142.821,142.954,139191
09/23/2026 12:30 PM,142.96,143.88,142.95,143.554,186227
09/23/2026 12:35 PM,143.51,143.66,143.04,143.13,100127
09/23/2026 12:40 PM,143.13,143.16,142.38,142.58,274906
09/23/2026 12:45 PM,142.58,142.83,142.08,142.19,200341
09/23/2026 12:50 PM,142.195,142.224,141.5,141.595,278582
09/23/2026 12:55 PM,141.625,142.355,141.579,141.97,196660
09/23/2026 13:00 PM,142.02,142.314,140.58,141.06,300402
09/23/2026 13:05 PM,141.068,141.38,140.78,141.255,166186
09/23/2026 13:10 PM,141.25,141.3,140.61,141.16,209581
09/23/2026 13:15 PM,141.123,142.774,141.08,142.689,297087
09/23/2026 13:20 PM,142.725,142.94,142.233,142.35,233067
09/23/2026 13:25 PM,142.31,142.79,142.18,142.3,164723
09/23/2026 13:30 PM,142.29,143.29,142.057,143.215,220092
09/23/2026 13:35 PM,143.216,143.25,142.859,143.07,191584
09/23/2026 13:40 PM,143.07,144.74,142.72,144.62,376440
09/23/2026 13:45 PM,144.616,144.95,144.2,144.82,278751
09/23/2026 13:50 PM,144.819,145.14,144.61,145.12,260218
09/23/2026 13:55 PM,145.13,145.28,144.88,145.245,271201
09/23/2026 14:00 PM,145.235,145.381,144.18,144.26,304442
09/23/2026 14:05 PM,144.24,145.17,144.24,144.688,198029
09/23/2026 14:10 PM,144.72,144.92,144.425,144.79,142280
09/23/2026 14:15 PM,144.78,145.53,144.645,145.199,261857
09/23/2026 14:20 PM,145.18,145.32,144.85,145.23,104400
09/23/2026 14:25 PM,145.244,145.405,145.1,145.2,82958
09/23/2026 14:30 PM,145.18,145.32,144.752,145.215,126763
09/23/2026 14:35 PM,145.258,145.37,144.64,144.69,185314
09/23/2026 14:40 PM,144.72,145,144.467,144.835,100327
09/23/2026 14:45 PM,144.86,145.23,144.52,145.17,124107
09/23/2026 14:50 PM,145.186,145.35,145,145.09,148424
09/23/2026 14:55 PM,145.065,145.68,145.02,145.565,192997
09/23/2026 15:00 PM,145.57,145.68,144.71,144.77,254408
09/23/2026 15:05 PM,144.765,145.94,144.67,145.295,274302
09/23/2026 15:10 PM,145.34,145.47,144.84,145.28,222536
09/23/2026 15:15 PM,145.28,145.385,144.44,145.01,279567
09/23/2026 15:20 PM,145.005,145.25,144.87,145.223,166737
09/23/2026 15:25 PM,145.235,145.43,144.93,145,185170
09/23/2026 15:30 PM,145.025,145.853,144.82,145.8,772651
09/23/2026 15:35 PM,145.81,146.11,145.55,146.08,339885
09/23/2026 15:40 PM,146.095,146.34,145.35,145.605,401039
09/23/2026 15:45 PM,145.6,145.99,145.28,145.85,334680
09/23/2026 15:50 PM,145.84,145.84,144.6,144.83,619703
09/23/2026 15:55 PM,144.83,146.46,144.83,146.25,855403
09/23/2026 16:00 PM,146.292,146.69,145.83,146.403,106009
09/23/2026 16:05 PM,146.515,146.515,146.02,146.27,33913
09/23/2026 16:10 PM,146.244,146.26,145.8,145.831,27498
09/23/2026 16:15 PM,145.89,146.042,145.82,146.042,17972
09/23/2026 16:20 PM,146.008,146.192,145.97,146.192,13289
09/23/2026 16:25 PM,146.19,146.203,145.89,146.01,15388
09/23/2026 16:30 PM,146.05,146.18,145.98,146.04,9373
09/23/2026 16:35 PM,146.05,146.21,145.941,146.171,32802
09/23/2026 16:40 PM,146.2,146.2,146,146.13,7271
09/23/2026 16:45 PM,146.15,146.23,146,146.05,14420
09/23/2026 16:50 PM,146.047,146.19,146,146.16,3831
09/23/2026 16:55 PM,146.14,146.15,146.06,146.1,4112
09/23/2026 17:00 PM,146.05,146.1,146.01,146.01,4282
09/23/2026 17:05 PM,146.02,146.07,145.941,146.01,7902
09/23/2026 17:10 PM,146,146.04,145.9,145.9,11870
09/23/2026 17:15 PM,145.91,145.95,145.81,145.81,13431
09/23/2026 17:20 PM,145.81,145.86,145.7,145.83,18544
09/23/2026 17:25 PM,145.835,146.025,145.83,145.922,8480
09/23/2026 17:30 PM,145.99,145.99,145.8,145.87,8273
09/23/2026 17:35 PM,145.86,145.94,145.84,145.887,4112
09/23/2026 17:40 PM,145.9,145.977,145.88,145.95,5016
09/23/2026 17:45 PM,145.95,146.03,145.95,146.02,2457
09/23/2026 17:50 PM,145.99,146.132,145.99,146.04,4103
09/23/2026 17:55 PM,146.03,146.09,145.96,145.986,5686
09/23/2026 18:00 PM,145.99,146.45,145.99,146.3,37911
09/23/2026 18:05 PM,146.27,146.82,146.133,146.785,43662
09/23/2026 18:10 PM,146.83,147,146.732,146.979,34873
09/23/2026 18:15 PM,146.98,147.11,146.6,146.6,49381
09/23/2026 18:20 PM,146.6,146.79,146.5,146.562,22753
09/23/2026 18:25 PM,146.62,146.681,146.12,146.32,9293
09/23/2026 18:30 PM,146.25,146.38,146.08,146.1,17971
09/23/2026 18:35 PM,146.14,146.15,145.75,146,17055
09/23/2026 18:40 PM,145.99,146.3,145.97,146.19,7420
09/23/2026 18:45 PM,146.17,146.37,146.115,146.37,7451
09/23/2026 18:50 PM,146.379,146.569,146.31,146.321,13315
09/23/2026 18:55 PM,146.32,146.32,146.18,146.26,2684
09/23/2026 19:00 PM,146.26,146.5,146.21,146.48,3134
09/23/2026 19:05 PM,146.47,146.48,146.35,146.43,6355
09/23/2026 19:10 PM,146.43,146.48,146.21,146.26,13699
09/23/2026 19:15 PM,146.291,146.39,146.15,146.19,6054
09/23/2026 19:20 PM,146.184,146.2,145.93,146,13496
09/23/2026 19:25 PM,145.999,146.11,145.88,146,10381
09/23/2026 19:30 PM,145.99,146.1,145.93,145.98,6794
09/23/2026 19:35 PM,145.98,146.2,145.98,146.12,4556
09/23/2026 19:40 PM,146.101,146.24,146.02,146.07,15667
09/23/2026 19:45 PM,146.02,146.15,145.77,145.77,10486
09/23/2026 19:50 PM,145.77,145.987,145.7,145.88,12292
09/23/2026 19:55 PM,145.87,145.88,145.7,145.73,12843
09/24/2026 04:00 AM,141.3,141.65,139.96,140.237,117350
09/24/2026 04:05 AM,140.24,140.69,139.95,140.37,37799
09/24/2026 04:10 AM,140.29,140.32,139.21,139.55,51862
09/24/2026 04:15 AM,139.45,140.05,139.3,139.512,52162
09/24/2026 04:20 AM,139.52,139.535,138.94,139.11,30023
09/24/2026 04:25 AM,139.19,139.42,138.38,138.553,40734
09/24/2026 04:30 AM,138.55,139.32,138.24,138.26,29878
09/24/2026 04:35 AM,138.27,138.28,137.64,137.92,48027
09/24/2026 04:40 AM,137.91,137.99,137.21,137.54,39381
09/24/2026 04:45 AM,137.58,137.846,136.192,136.22,52683
09/24/2026 04:50 AM,136.218,136.77,136.02,136.56,41244
09/24/2026 04:55 AM,136.57,136.99,136.35,136.94,24621
09/24/2026 05:00 AM,136.96,137.3,136.7,136.79,38908
09/24/2026 05:05 AM,136.84,137.2,136.364,136.374,17191
09/24/2026 05:10 AM,136.434,136.68,135.75,136.243,37322
09/24/2026 05:15 AM,136.234,136.79,135.95,136.75,16722
09/24/2026 05:20 AM,136.78,136.95,136.55,136.84,17373
09/24/2026 05:25 AM,136.94,137.12,136.69,136.837,15461
09/24/2026 05:30 AM,136.8,136.874,136.3,136.58,10972
09/24/2026 05:35 AM,136.64,136.725,136.07,136.236,16502
09/24/2026 05:40 AM,136.16,136.28,135.06,135.24,46128
09/24/2026 05:45 AM,135.22,136.07,135.13,136.034,31287
09/24/2026 05:50 AM,136.03,136.345,135.84,136.15,22282
09/24/2026 05:55 AM,136.18,136.45,136.09,136.33,16142
09/24/2026 06:00 AM,136.397,136.85,136.08,136.135,21104
09/24/2026 06:05 AM,136.14,136.326,135.806,136.225,13963
09/24/2026 06:10 AM,136.18,136.75,136.14,136.62,16004
09/24/2026 06:15 AM,136.65,137,136.46,136.786,27897
09/24/2026 06:20 AM,136.75,136.84,136.17,136.19,18353
09/24/2026 06:25 AM,136.215,136.77,136.04,136.4,23170
09/24/2026 06:30 AM,136.48,137.194,136.26,137.07,21783
09/24/2026 06:35 AM,137.11,137.707,137.05,137.64,30623
09/24/2026 06:40 AM,137.64,137.96,137.6,137.735,23905
09/24/2026 06:45 AM,137.73,138.84,137.674,138.78,28813
09/24/2026 06:50 AM,138.78,138.79,137.67,137.765,27703
09/24/2026 06:55 AM,137.73,138.15,137.42,138,19866
09/24/2026 07:00 AM,138,138.616,137.79,138.028,58316
09/24/2026 07:05 AM,138.079,138.2,137.67,138.05,42668
09/24/2026 07:10 AM,138.099,138.56,137.58,138.5,41125
09/24/2026 07:15 AM,138.56,139.08,138.2,138.5,44439
09/24/2026 07:20 AM,138.419,138.74,138.2,138.51,27915
09/24/2026 07:25 AM,138.51,138.579,137.99,138.1,19705
09/24/2026 07:30 AM,138.024,139.225,138.024,138.3,41466
09/24/2026 07:35 AM,138.26,138.32,137.48,137.6,38274
09/24/2026 07:40 AM,137.58,137.79,137.42,137.639,32811
09/24/2026 07:45 AM,137.6,137.665,137.01,137.09,38015
09/24/2026 07:50 AM,137.132,137.52,137.09,137.35,19168
09/24/2026 07:55 AM,137.39,137.81,136.9,137.35,73337
09/24/2026 08:00 AM,137.41,137.77,136.52,136.983,59930
09/24/2026 08:05 AM,136.91,137.42,136.85,137.22,19705
09/24/2026 08:10 AM,137.2,138.146,137.153,137.93,34907
09/24/2026 08:15 AM,137.86,138.194,137.5,138.06,30973
09/24/2026 08:20 AM,138.05,138.37,137.82,138.216,31503
09/24/2026 08:25 AM,138.12,138.211,136.93,137.36,56154
09/24/2026 08:30 AM,137.36,137.58,136.26,136.355,59124
09/24/2026 08:35 AM,136.36,136.41,135.73,136.13,98461
09/24/2026 08:40 AM,136.13,137,136.103,136.87,70687
09/24/2026 08:45 AM,136.891,137.26,136.66,136.9,34776
09/24/2026 08:50 AM,136.9,136.92,136.453,136.78,22211
09/24/2026 08:55 AM,136.8,137.11,136.6,136.86,30234
09/24/2026 09:00 AM,136.86,137.64,136.77,137.39,41450
09/24/2026 09:05 AM,137.41,137.473,137.06,137.305,22935
09/24/2026 09:10 AM,137.4,137.87,137.23,137.24,49169
09/24/2026 09:15 AM,137.29,137.66,136.95,137.5,33574
09/24/2026 09:20 AM,137.5,137.58,137,137.174,47786
09/24/2026 09:25 AM,137.24,138.44,137.084,138.41,94396
09/24/2026 09:30 AM,138.47,139.03,136.9,137.81,845429
09/24/2026 09:35 AM,137.79,140.9,137.71,140.556,981667
09/24/2026 09:40 AM,140.54,140.88,139.41,140.844,665426
09/24/2026 09:45 AM,140.85,143.49,140.85,141.7,985174
09/24/2026 09:50 AM,141.7,142.3,139.22,139.59,828084
09/24/2026 09:55 AM,139.59,140.54,139.081,140.32,644523
09/24/2026 10:00 AM,140.33,141.89,140.128,141.6,677819
09/24/2026 10:05 AM,141.59,141.65,140.23,140.32,430826
09/24/2026 10:10 AM,140.253,140.59,139.52,140.23,363604
09/24/2026 10:15 AM,140.25,140.72,139.52,139.889,307718
09/24/2026 10:20 AM,139.87,140.67,139.831,140.09,240136
09/24/2026 10:25 AM,140.08,141.25,140.02,141.147,306571
09/24/2026 10:30 AM,141.12,141.75,140.48,141.455,316423
09/24/2026 10:35 AM,141.41,141.48,139.734,140.07,355397
09/24/2026 10:40 AM,140.065,140.79,139.53,139.7,306061
09/24/2026 10:45 AM,139.665,140.35,139.59,139.81,238268
09/24/2026 10:50 AM,139.83,140.18,138.57,139.066,415363
09/24/2026 10:55 AM,139.08,139.091,138.52,138.74,319706
09/24/2026 11:00 AM,138.78,139.8,138.73,139.28,273089
09/24/2026 11:05 AM,139.26,139.45,138.05,138.075,282755
09/24/2026 11:10 AM,138.075,138.79,138.05,138.525,247143
09/24/2026 11:15 AM,138.5,139.39,138.28,138.4,322442
09/24/2026 11:20 AM,138.41,139.57,138.27,139.54,286333
09/24/2026 11:25 AM,139.55,139.565,138.68,138.806,256519
09/24/2026 11:30 AM,138.8,139.145,138.5,139.06,202809
09/24/2026 11:35 AM,139.04,139.3,138.77,139,167045
09/24/2026 11:40 AM,138.985,139.54,138.77,139.471,191864
09/24/2026 11:45 AM,139.46,139.8,139.18,139.25,193438
09/24/2026 11:50 AM,139.284,140.241,139.245,140.079,320000
09/24/2026 11:55 AM,140.09,140.2,139.555,139.655,204148
09/24/2026 12:00 PM,139.655,139.72,138.72,139.19,221216
09/24/2026 12:05 PM,139.15,139.22,138.71,138.845,135105
09/24/2026 12:10 PM,138.82,139.58,138.48,139.5,194157
09/24/2026 12:15 PM,139.51,143.905,139.51,143.27,1333634
09/24/2026 12:20 PM,143.27,144.17,142.47,143.235,788245
09/24/2026 12:25 PM,143.265,143.425,142.26,142.98,370704
09/24/2026 12:30 PM,142.96,143.19,142.475,142.835,221411
09/24/2026 12:35 PM,142.863,144.98,142.83,144.767,549518
09/24/2026 12:40 PM,144.75,146.5,144.58,145.11,802335
09/24/2026 12:45 PM,145.12,145.77,144.5,145.58,448679
09/24/2026 12:50 PM,145.61,146.198,144.85,145.15,330813
09/24/2026 12:55 PM,145.18,146.14,144.99,146.039,247930
09/24/2026 13:00 PM,146.01,146.86,145.35,146.776,465370
09/24/2026 13:05 PM,146.785,147.18,146.26,146.32,338730
09/24/2026 13:10 PM,146.3,146.352,145.13,145.695,294998
09/24/2026 13:15 PM,145.71,145.81,144.81,144.811,238290
09/24/2026 13:20 PM,144.835,145.25,144.59,144.73,221440
09/24/2026 13:25 PM,144.715,144.885,143.95,144.625,296528
09/24/2026 13:30 PM,144.6,145.2,144.37,144.43,211234
09/24/2026 13:35 PM,144.44,144.8,144.1,144.45,136248
09/24/2026 13:40 PM,144.46,144.91,143.46,143.5,225756
09/24/2026 13:45 PM,143.52,144.345,143.319,144.232,203379
09/24/2026 13:50 PM,144.223,144.27,142.955,143.18,190742
09/24/2026 13:55 PM,143.16,143.76,143.03,143.615,171967
09/24/2026 14:00 PM,143.645,143.66,141.51,141.57,377815
09/24/2026 14:05 PM,141.595,142.96,141.51,142.835,318893
09/24/2026 14:10 PM,142.825,143.5,142.825,143.3,222100
09/24/2026 14:15 PM,143.289,143.99,143.25,143.594,200554
09/24/2026 14:20 PM,143.64,144.15,143.27,144.05,145315
09/24/2026 14:25 PM,144.015,144.941,143.99,144.58,237474
09/24/2026 14:30 PM,144.612,144.84,144.121,144.177,135626
09/24/2026 14:35 PM,144.174,145.58,143.75,144.97,215540
09/24/2026 14:40 PM,144.87,144.902,144.18,144.48,143894
09/24/2026 14:45 PM,144.46,145.08,144.46,144.91,124369
09/24/2026 14:50 PM,144.93,145.76,144.81,145.645,182972
09/24/2026 14:55 PM,145.652,146.406,145.65,146.104,266769
09/24/2026 15:00 PM,146.12,146.234,145.03,145.22,295011
09/24/2026 15:05 PM,145.19,145.53,145.03,145.196,151430
09/24/2026 15:10 PM,145.205,145.314,144.65,144.76,175721
09/24/2026 15:15 PM,144.74,145.96,144.74,145.76,252170
09/24/2026 15:20 PM,145.785,146.06,145.63,145.95,190773
09/24/2026 15:25 PM,145.955,146.17,145.3,145.35,266964
09/24/2026 15:30 PM,145.36,146.26,145.29,146.257,473606
09/24/2026 15:35 PM,146.24,146.34,145.915,146.189,194228
09/24/2026 15:40 PM,146.16,146.32,145.83,146.173,210462
09/24/2026 15:45 PM,146.15,146.32,145.95,146.04,206418
09/24/2026 15:50 PM,146.05,146.42,146.01,146.31,641079
09/24/2026 15:55 PM,146.325,146.5,146.12,146.33,968039
09/24/2026 16:00 PM,146.256,146.256,145.36,145.386,40324
09/24/2026 16:05 PM,145.4,146.002,145.38,145.86,18723
09/24/2026 16:10 PM,145.99,146,144.94,145.01,29875
09/24/2026 16:15 PM,145.02,145.16,144.88,144.98,26396
09/24/2026 16:20 PM,145.02,145.044,144.75,144.89,16240
09/24/2026 16:25 PM,144.89,145.068,144.78,144.95,39032
09/24/2026 16:30 PM,144.9,145.19,144.9,145.18,23805
09/24/2026 16:35 PM,145.2,145.49,145.17,145.48,25281
09/24/2026 16:40 PM,145.45,145.64,145.35,145.53,7143
09/24/2026 16:45 PM,145.56,145.58,145.34,145.56,29739
09/24/2026 16:50 PM,145.5,145.6,145.45,145.53,14503
09/24/2026 16:55 PM,145.5,145.85,145.5,145.76,9724
09/24/2026 17:00 PM,145.76,145.8,145.49,145.6,10987
09/24/2026 17:05 PM,145.6,145.63,145.2,145.44,11124
09/24/2026 17:10 PM,145.4,145.499,145.15,145.3,13247
09/24/2026 17:15 PM,145.36,145.55,145.3,145.4,7495
09/24/2026 17:20 PM,145.42,145.44,145.35,145.36,1660
09/24/2026 17:25 PM,145.37,145.5,145.352,145.47,4637
09/24/2026 17:30 PM,145.399,145.6,145.399,145.58,3537
09/24/2026 17:35 PM,145.58,145.58,145.402,145.54,4311
09/24/2026 17:40 PM,145.57,145.842,145.57,145.81,6481
09/24/2026 17:45 PM,145.87,145.92,145.72,145.8,7015
09/24/2026 17:50 PM,145.8,145.86,145.65,145.661,12058
09/24/2026 17:55 PM,145.66,145.81,145.59,145.59,6467
09/24/2026 18:00 PM,145.61,145.97,145.4,145.79,18502
09/24/2026 18:05 PM,145.79,145.79,145.3,145.64,8420
09/24/2026 18:10 PM,145.6,145.73,145.519,145.53,5361
09/24/2026 18:15 PM,145.501,145.7,145.5,145.65,7924
09/24/2026 18:20 PM,145.52,145.63,145.39,145.4,3063
09/24/2026 18:25 PM,145.385,145.43,145.2,145.37,7383
09/24/2026 18:30 PM,145.358,145.6,145.3,145.52,4967
09/24/2026 18:35 PM,145.52,145.66,145.465,145.465,12867
09/24/2026 18:40 PM,145.44,145.97,145.42,145.95,18954
09/24/2026 18:45 PM,145.92,145.94,145.72,145.94,11630
09/24/2026 18:50 PM,145.868,146,145.79,145.84,12672
09/24/2026 18:55 PM,145.89,145.95,145.702,145.95,7741
09/24/2026 19:00 PM,145.95,146.06,145.93,146.06,15488
09/24/2026 19:05 PM,146.03,146.1,145.75,145.792,9138
09/24/2026 19:10 PM,145.751,145.79,145.5,145.63,4712
09/24/2026 19:15 PM,145.65,145.8,145.6,145.61,5091
09/24/2026 19:20 PM,145.68,145.9,145.61,145.9,2304
09/24/2026 19:25 PM,145.931,146.06,145.82,145.948,23015
09/24/2026 19:30 PM,145.99,146.02,145.87,145.98,12953
09/24/2026 19:35 PM,145.91,145.98,145.806,145.85,7229
09/24/2026 19:40 PM,145.84,145.9,145.51,145.53,14255
09/24/2026 19:45 PM,145.539,145.7,145.42,145.43,13300
09/24/2026 19:50 PM,145.42,145.5,145.15,145.312,7110
09/24/2026 19:55 PM,145.38,145.4,145.13,145.16,17229
09/25/2026 04:00 AM,151.201,152.36,150.92,151.16,41584
09/25/2026 04:05 AM,151.24,151.66,150.83,151.52,14003
09/25/2026 04:10 AM,151.658,152.248,151.51,152.03,23545
09/25/2026 04:15 AM,152,152.4,151.886,152.217,24321
09/25/2026 04:20 AM,152.21,152.8,152.05,152.78,16490
09/25/2026 04:25 AM,152.764,153.38,152.43,153.297,33754
09/25/2026 04:30 AM,153.27,153.38,153.03,153.34,11723
09/25/2026 04:35 AM,153.34,153.49,152.745,152.93,28785
09/25/2026 04:40 AM,152.877,153.378,152.877,153.349,11044
09/25/2026 04:45 AM,153.34,153.58,153.28,153.32,15108
09/25/2026 04:50 AM,153.32,153.5,153.1,153.5,12575
09/25/2026 04:55 AM,153.5,153.82,153.49,153.67,17610
09/25/2026 05:00 AM,153.642,153.8,153.52,153.568,16653
09/25/2026 05:05 AM,153.6,153.878,153.549,153.861,12727
09/25/2026 05:10 AM,153.88,153.88,153.6,153.71,18302
09/25/2026 05:15 AM,153.766,154,153.43,153.432,27706
09/25/2026 05:20 AM,153.464,153.468,153.14,153.32,16196
09/25/2026 05:25 AM,153.35,153.35,153.02,153.064,8278
09/25/2026 05:30 AM,153.064,153.485,152.7,153.41,13260
09/25/2026 05:35 AM,153.4,153.4,152.9,153.125,6581
09/25/2026 05:40 AM,153.17,153.25,152.95,153.087,8708
09/25/2026 05:45 AM,153.066,153.066,152.36,152.564,23190
09/25/2026 05:50 AM,152.63,152.76,152.33,152.644,6202
09/25/2026 05:55 AM,152.69,152.99,152.6,152.7,8557
09/25/2026 06:00 AM,152.7,152.85,152.1,152.12,10349
09/25/2026 06:05 AM,152.18,152.395,152.01,152.1,14155
09/25/2026 06:10 AM,152.1,152.557,151.96,152.48,20264
09/25/2026 06:15 AM,152.49,152.78,152.48,152.73,9032
09/25/2026 06:20 AM,152.742,152.898,152.5,152.66,6056
09/25/2026 06:25 AM,152.69,152.8,152.45,152.46,9042
09/25/2026 06:30 AM,152.451,152.64,152.15,152.43,14001
09/25/2026 06:35 AM,152.43,152.59,152.03,152.09,6811
09/25/2026 06:40 AM,152.09,152.4,152.02,152.321,7113
09/25/2026 06:45 AM,152.305,152.4,151.89,152.24,21584
09/25/2026 06:50 AM,152.21,152.3,151.87,152.14,19707
09/25/2026 06:55 AM,152.176,152.176,151.64,151.876,33955
09/25/2026 07:00 AM,151.94,152.2,151.3,151.44,60957
09/25/2026 07:05 AM,151.52,152.6,151.466,152.55,32043
09/25/2026 07:10 AM,152.477,152.64,152.2,152.64,39572
09/25/2026 07:15 AM,152.622,153.488,152.622,153.47,74064
09/25/2026 07:20 AM,153.47,153.5,153.18,153.275,32145
09/25/2026 07:25 AM,153.28,153.73,153.26,153.348,56452
09/25/2026 07:30 AM,153.35,153.53,153.01,153.14,41011
09/25/2026 07:35 AM,153.13,153.58,152.56,152.57,38191
09/25/2026 07:40 AM,152.62,153.104,152.52,152.95,24195
09/25/2026 07:45 AM,152.92,152.99,152.78,152.81,15029
09/25/2026 07:50 AM,152.79,153.46,152.7,153.333,34704
09/25/2026 07:55 AM,153.31,153.39,153.05,153.095,32834
09/25/2026 08:00 AM,153,153.77,152.801,153.441,36704
09/25/2026 08:05 AM,153.496,153.735,153.33,153.4,38447
09/25/2026 08:10 AM,153.46,153.583,152.88,153.24,45016
09/25/2026 08:15 AM,153.24,153.24,152.11,152.364,58952
09/25/2026 08:20 AM,152.36,152.75,152.2,152.544,52500
09/25/2026 08:25 AM,152.5,152.55,152.25,152.3,38051
09/25/2026 08:30 AM,152.3,152.46,151.656,152.19,39656
09/25/2026 08:35 AM,152.08,152.18,151.756,152.08,27857
09/25/2026 08:40 AM,152.04,152.17,151.51,151.971,45844
09/25/2026 08:45 AM,151.92,152.38,151.22,151.772,60796
09/25/2026 08:50 AM,151.776,151.884,151.06,151.24,45135
09/25/2026 08:55 AM,151.26,151.59,151.138,151.379,22472
09/25/2026 09:00 AM,151.31,151.69,150.62,151.69,46455
09/25/2026 09:05 AM,151.67,152.11,151.6,152.11,67254
09/25/2026 09:10 AM,152.11,152.42,152.095,152.22,52024
09/25/2026 09:15 AM,152.22,152.3,150.92,150.98,86517
09/25/2026 09:20 AM,151,151.48,150.92,151.014,53716
09/25/2026 09:25 AM,151.1,151.15,149.22,149.252,96087
09/25/2026 09:30 AM,149.24,151.11,147.92,151.016,972057
09/25/2026 09:35 AM,151.044,151.96,150.45,151.85,764143
09/25/2026 09:40 AM,151.85,152.3,150.984,151.871,545982
09/25/2026 09:45 AM,151.87,152.16,150.6,151.27,475432
09/25/2026 09:50 AM,151.23,152.79,150.636,152.7,583123
09/25/2026 09:55 AM,152.7,153.05,151.93,152.74,484915
09/25/2026 10:00 AM,152.76,153.1,150.96,151.195,436499
09/25/2026 10:05 AM,151.145,151.396,149.89,150.96,683367
09/25/2026 10:10 AM,150.96,152.05,149.8,149.83,393629
09/25/2026 10:15 AM,149.81,149.87,147.37,148.27,993139
09/25/2026 10:20 AM,148.27,149.66,148.05,149.445,522513
09/25/2026 10:25 AM,149.418,149.77,148.13,148.28,341752
09/25/2026 10:30 AM,148.3,149.9,147.9,149.794,445968
09/25/2026 10:35 AM,149.815,150.19,149.46,149.925,359799
09/25/2026 10:40 AM,149.93,150.05,148.55,149.69,238083
09/25/2026 10:45 AM,149.71,150.76,149.063,150.635,312920
09/25/2026 10:50 AM,150.62,150.668,149.66,150.255,244128
09/25/2026 10:55 AM,150.28,151.311,150.2,151.22,353355
09/25/2026 11:00 AM,151.22,152.073,150.79,151.795,377175
09/25/2026 11:05 AM,151.8,152,151.38,151.41,260327
09/25/2026 11:10 AM,151.409,151.425,150.55,150.95,290218
09/25/2026 11:15 AM,151,151.485,150.79,151.045,183588
09/25/2026 11:20 AM,151.045,151.625,150.744,150.892,162314
09/25/2026 11:25 AM,150.91,151,150.048,150.372,327754
09/25/2026 11:30 AM,150.39,151.22,149.91,150,255028
09/25/2026 11:35 AM,150.015,150.39,148.79,149.185,314197
09/25/2026 11:40 AM,149.185,149.71,148.89,148.907,250257
09/25/2026 11:45 AM,148.915,149.88,148.65,149.8,256226
09/25/2026 11:50 AM,149.785,149.88,148.68,149.524,239237
09/25/2026 11:55 AM,149.516,151.22,149.423,151.11,323088
09/25/2026 12:00 PM,151.095,152.55,150.83,152.515,679401
09/25/2026 12:05 PM,152.5,153.45,152.07,153.37,720268
09/25/2026 12:10 PM,153.37,153.9,152.34,152.77,534073
09/25/2026 12:15 PM,152.779,153.68,152.27,152.58,314279
09/25/2026 12:20 PM,152.6,152.69,151.27,152.04,292397
09/25/2026 12:25 PM,152.045,153.24,151.99,153.1,296520
09/25/2026 12:30 PM,153.09,153.23,151.97,152.37,311828
09/25/2026 12:35 PM,152.38,153.43,152.38,152.845,228304
09/25/2026 12:40 PM,152.845,153.26,152.63,153.045,169402
09/25/2026 12:45 PM,153.04,153.19,152.254,152.69,219661
09/25/2026 12:50 PM,152.74,152.98,152.48,152.69,108406
09/25/2026 12:55 PM,152.74,152.88,151.95,152.22,150221
09/25/2026 13:00 PM,152.22,153.22,152.16,152.954,173100
09/25/2026 13:05 PM,152.95,153.26,152.77,153.21,143085
09/25/2026 13:10 PM,153.19,153.325,152.7,153.32,138531
09/25/2026 13:15 PM,153.32,153.47,152.96,153.15,167531
09/25/2026 13:20 PM,153.135,153.24,152.96,153.09,85017
09/25/2026 13:25 PM,153.1,153.13,152.615,152.705,96939
09/25/2026 13:30 PM,152.71,152.82,152.14,152.32,115947
09/25/2026 13:35 PM,152.34,152.76,151.94,152.55,187706
09/25/2026 13:40 PM,152.57,152.91,152.44,152.79,142093
09/25/2026 13:45 PM,152.782,152.92,152.65,152.89,85554
09/25/2026 13:50 PM,152.89,152.94,152.281,152.445,88000
09/25/2026 13:55 PM,152.46,152.69,152.413,152.62,73819
09/25/2026 14:00 PM,152.62,152.684,152.25,152.305,76275
09/25/2026 14:05 PM,152.275,152.5,152.09,152.435,105217
09/25/2026 14:10 PM,152.42,152.832,152.22,152.795,118455
09/25/2026 14:15 PM,152.78,152.85,152.47,152.61,128010
09/25/2026 14:20 PM,152.6,152.96,152.57,152.9,112216
09/25/2026 14:25 PM,152.9,152.96,151.87,152.283,207261
09/25/2026 14:30 PM,152.3,152.61,152.223,152.34,111936
09/25/2026 14:35 PM,152.344,152.6,151.81,151.83,176209
09/25/2026 14:40 PM,151.83,152.25,151.67,152.228,180594
09/25/2026 14:45 PM,152.23,152.32,151.905,152.05,135509
09/25/2026 14:50 PM,152.046,152.08,151.664,151.735,106168
09/25/2026 14:55 PM,151.76,151.97,151.59,151.6,100149
09/25/2026 15:00 PM,151.62,152.1,151.275,152.013,258926
09/25/2026 15:05 PM,152.01,152.38,151.98,152.17,188516
09/25/2026 15:10 PM,152.15,152.41,152.11,152.39,169787
09/25/2026 15:15 PM,152.389,152.49,152.1,152.13,144699
09/25/2026 15:20 PM,152.11,152.31,151.955,152.21,123544
09/25/2026 15:25 PM,152.2,152.31,151.935,152.09,157784
09/25/2026 15:30 PM,152.11,152.11,151.08,151.09,614687
09/25/2026 15:35 PM,151.09,151.45,150.65,151.25,460896
09/25/2026 15:40 PM,151.25,151.71,151.08,151.62,354349
09/25/2026 15:45 PM,151.63,152.12,151.62,152,421760
09/25/2026 15:50 PM,152.02,152.772,151.97,152.18,637042
09/25/2026 15:55 PM,152.19,152.34,151.25,151.45,799487
09/25/2026 16:00 PM,151.39,151.67,151.12,151.15,21601
09/25/2026 16:05 PM,151.229,151.321,151.08,151.17,17494
09/25/2026 16:10 PM,151.18,151.32,151.02,151.112,14684
09/25/2026 16:15 PM,151.09,151.12,150.94,150.95,17552
09/25/2026 16:20 PM,150.95,151.1,150.89,151.09,11616
09/25/2026 16:25 PM,151.07,151.28,151,151.25,9203
09/25/2026 16:30 PM,151.25,151.6,151.2,151.55,12671
09/25/2026 16:35 PM,151.6,151.64,151.45,151.498,7655
09/25/2026 16:40 PM,151.46,151.58,151.45,151.58,7400
09/25/2026 16:45 PM,151.56,151.64,151.48,151.6,8734
09/25/2026 16:50 PM,151.58,151.63,151.5,151.55,5245
09/25/2026 16:55 PM,151.569,151.64,151.48,151.62,5701
09/25/2026 17:00 PM,151.62,151.71,151.6,151.695,11125
09/25/2026 17:05 PM,151.66,151.69,151.38,151.42,3660
09/25/2026 17:10 PM,151.39,151.48,151.36,151.472,3851
09/25/2026 17:15 PM,151.471,151.56,151.43,151.55,5687
09/25/2026 17:20 PM,151.53,151.6,151.53,151.58,4660
09/25/2026 17:25 PM,151.58,152.5,151.53,152.08,30558
09/25/2026 17:30 PM,152.08,152.48,152.06,152.319,18771
09/25/2026 17:35 PM,152.3,152.31,152.1,152.2,7166
09/25/2026 17:40 PM,152.201,152.39,152.201,152.35,6482
09/25/2026 17:45 PM,152.351,152.365,152.169,152.169,3258
09/25/2026 17:50 PM,152.16,152.17,151.93,151.971,4426
09/25/2026 17:55 PM,151.97,151.99,151.57,151.71,7219
09/25/2026 18:00 PM,151.701,151.85,151.7,151.79,5288
09/25/2026 18:05 PM,151.83,151.99,151.6,151.68,3056
09/25/2026 18:10 PM,151.606,151.8,151.606,151.8,1540
09/25/2026 18:15 PM,151.79,151.84,151.74,151.8,2197
09/25/2026 18:20 PM,151.75,151.75,151.621,151.628,5278
09/25/2026 18:25 PM,151.63,151.75,151.63,151.67,2587
09/25/2026 18:30 PM,151.675,151.72,151.61,151.61,5438
09/25/2026 18:35 PM,151.61,151.71,151.55,151.7,4887
09/25/2026 18:40 PM,151.7,151.72,151.6,151.69,6331
09/25/2026 18:45 PM,151.7,151.82,151.7,151.738,8571
09/25/2026 18:50 PM,151.73,151.78,151.67,151.74,7400
09/25/2026 18:55 PM,151.76,151.89,151.725,151.8,10970
09/25/2026 19:00 PM,151.803,151.89,151.79,151.79,3893
09/25/2026 19:05 PM,151.8,151.89,151.79,151.889,5206
09/25/2026 19:10 PM,151.89,152.15,151.87,152.11,18491
09/25/2026 19:15 PM,152.1,152.19,152.032,152.11,8548
09/25/2026 19:20 PM,152.1,152.11,152.011,152.03,5504
09/25/2026 19:25 PM,152.06,152.07,151.84,151.97,2166
09/25/2026 19:30 PM,151.97,151.97,151.9,151.95,5433
09/25/2026 19:35 PM,151.94,151.95,151.78,151.8,3490
09/25/2026 19:40 PM,151.78,151.79,151.67,151.77,12287
09/25/2026 19:45 PM,151.769,151.88,151.74,151.793,11133
09/25/2026 19:50 PM,151.79,151.97,151.749,151.9,14761
09/25/2026 19:55 PM,151.94,151.97,151.75,151.75,18416
